sepal_length,sepal_width,petal_length,petal_width,species
5.1,3.5,1.4,0.2,setosa
4.9,3.0,1.4,0.2,setosa
4.7,3.2,1.3,0.2,setosa
4.6,3.1,1.5,0.2,setosa
5.0,3.6,1.4,0.2,setosa
5.4,3.9,1.7,0.4,setosa
4.6,3.4,1.4,0.3,setosa
5.0,3.4,1.5,0.2,setosa
4.4,2.9,1.4,0.2,setosa
4.9,3.1,1.5,0.1,setosa
5.4,3.7,1.5,0.2,setosa
4.8,3.4,1.6,0.2,setosa
4.8,3.0,1.4,0.1,setosa
4.3,3.0,1.1,0.1,setosa
5.8,4.0,1.2,0.2,setosa
5.7,4.4,1.5,0.4,setosa
5.4,3.9,1.3,0.4,setosa
5.1,3.5,1.4,0.3,setosa
5.7,3.8,1.7,0.3,setosa
5.1,3.8,1.5,0.3,setosa
5.4,3.4,1.7,0.2,setosa
5.1,3.7,1.5,0.4,setosa
4.6,3.6,1.0,0.2,setosa
5.1,3.3,1.7,0.5,setosa
4.8,3.4,1.9,0.2,setosa
5.0,3.0,1.6,0.2,setosa
5.0,3.4,1.6,0.4,setosa
5.2,3.5,1.5,0.2,setosa
5.2,3.4,1.4,0.2,setosa
4.7,3.2,1.6,0.2,setosa
4.8,3.1,1.6,0.2,setosa
5.4,3.4,1.5,0.4,setosa
5.2,4.1,1.5,0.1,setosa
5.5,4.2,1.4,0.2,setosa
4.9,3.1,1.5,0.1,setosa
5.0,3.2,1.2,0.2,setosa
5.5,3.5,1.3,0.2,setosa
4.9,3.1,1.5,0.1,setosa
4.4,3.0,1.3,0.2,setosa
5.1,3.4,1.5,0.2,setosa
5.0,3.5,1.3,0.3,setosa
4.5,2.3,1.3,0.3,setosa
4.4,3.2,1.3,0.2,setosa
5.0,3.5,1.6,0.6,setosa
5.1,3.8,1.9,0.4,setosa
4.8,3.0,1.4,0.3,setosa
5.1,3.8,1.6,0.2,setosa
4.6,3.2,1.4,0.2,setosa
5.3,3.7,1.5,0.2,setosa
5.0,3.3,1.4,0.2,setosa
7.0,3.2,4.7,1.4,versicolor
6.4,3.2,4.5,1.5,versicolor
6.9,3.1,4.9,1.5,versicolor
5.5,2.3,4.0,1.3,versicolor
6.5,2.8,4.6,1.5,versicolor
5.7,2.8,4.5,1.3,versicolor
6.3,3.3,4.7,1.6,versicolor
4.9,2.4,3.3,1.0,versicolor
6.6,2.9,4.6,1.3,versicolor
5.2,2.7,3.9,1.4,versicolor
5.0,2.0,3.5,1.0,versicolor
5.9,3.0,4.2,1.5,versicolor
6.0,2.2,4.0,1.0,versicolor
6.1,2.9,4.7,1.4,versicolor
5.6,2.9,3.6,1.3,versicolor
6.7,3.1,4.4,1.4,versicolor
5.6,3.0,4.5,1.5,versicolor
5.8,2.7,4.1,1.0,versicolor
6.2,2.2,4.5,1.5,versicolor
5.6,2.5,3.9,1.1,versicolor
5.9,3.2,4.8,1.8,versicolor
6.1,2.8,4.0,1.3,versicolor
6.3,2.5,4.9,1.5,versicolor
6.1,2.8,4.7,1.2,versicolor
6.4,2.9,4.3,1.3,versicolor
6.6,3.0,4.4,1.4,versicolor
6.8,2.8,4.8,1.4,versicolor
6.7,3.0,5.0,1.7,versicolor
6.0,2.9,4.5,1.5,versicolor
5.7,2.6,3.5,1.0,versicolor
5.5,2.4,3.8,1.1,versicolor
5.5,2.4,3.7,1.0,versicolor
5.8,2.7,3.9,1.2,versicolor
6.0,2.7,5.1,1.6,versicolor
5.4,3.0,4.5,1.5,versicolor
6.0,3.4,4.5,1.6,versicolor
6.7,3.1,4.7,1.5,versicolor
6.3,2.3,4.4,1.3,versicolor
5.6,3.0,4.1,1.3,versicolor
5.5,2.5,4.0,1.3,versicolor
5.5,2.6,4.4,1.2,versicolor
6.1,3.0,4.6,1.4,versicolor
5.8,2.6,4.0,1.2,versicolor
5.0,2.3,3.3,1.0,versicolor
5.6,2.7,4.2,1.3,versicolor
5.7,3.0,4.2,1.2,versicolor
5.7,2.9,4.2,1.3,versicolor
6.2,2.9,4.3,1.3,versicolor
5.1,2.5,3.0,1.1,versicolor
5.7,2.8,4.1,1.3,versicolor
6.3,3.3,6.0,2.5,virginica
5.8,2.7,5.1,1.9,virginica
7.1,3.0,5.9,2.1,virginica
6.3,2.9,5.6,1.8,virginica
6.5,3.0,5.8,2.2,virginica
7.6,3.0,6.6,2.1,virginica
4.9,2.5,4.5,1.7,virginica
7.3,2.9,6.3,1.8,virginica
6.7,2.5,5.8,1.8,virginica
7.2,3.6,6.1,2.5,virginica
6.5,3.2,5.1,2.0,virginica
6.4,2.7,5.3,1.9,virginica
6.8,3.0,5.5,2.1,virginica
5.7,2.5,5.0,2.0,virginica
5.8,2.8,5.1,2.4,virginica
6.4,3.2,5.3,2.3,virginica
6.5,3.0,5.5,1.8,virginica
7.7,3.8,6.7,2.2,virginica
7.7,2.6,6.9,2.3,virginica
6.0,2.2,5.0,1.5,virginica
6.9,3.2,5.7,2.3,virginica
5.6,2.8,4.9,2.0,virginica
7.7,2.8,6.7,2.0,virginica
6.3,2.7,4.9,1.8,virginica
6.7,3.3,5.7,2.1,virginica
7.2,3.2,6.0,1.8,virginica
6.2,2.8,4.8,1.8,virginica
6.1,3.0,4.9,1.8,virginica
6.4,2.8,5.6,2.1,virginica
7.2,3.0,5.8,1.6,virginica
7.4,2.8,6.1,1.9,virginica
7.9,3.8,6.4,2.0,virginica
6.4,2.8,5.6,2.2,virginica
6.3,2.8,5.1,1.5,virginica
6.1,2.6,5.6,1.4,virginica
7.7,3.0,6.1,2.3,virginica
6.3,3.4,5.6,2.4,virginica
6.4,3.1,5.5,1.8,virginica
6.0,3.0,4.8,1.8,virginica
6.9,3.1,5.4,2.1,virginica
6.7,3.1,5.6,2.4,virginica
6.9,3.1,5.1,2.3,virginica
5.8,2.7,5.1,1.9,virginica
6.8,3.2,5.9,2.3,virginica
6.7,3.3,5.7,2.5,virginica
6.7,3.0,5.2,2.3,virginica
6.3,2.5,5.0,1.9,virginica
6.5,3.0,5.2,2.0,virginica
6.2,3.4,5.4,2.3,virginica
5.9,3.0,5.1,1.8,virginica
4.256941219399345,3.016269568472831,1.1829775795943633,0.025552326917124876,setosa
6.34608546289102,3.202771543578779,4.4721007556205175,1.4993589008088797,versicolor
5.536409983799812,2.416862307931268,3.705825295556035,1.0430133117792737,versicolor
5.219356432541606,3.3813707838148717,1.4325315706654282,0.1634109221573655,setosa
4.797932902210192,3.39599223653909,1.8399277003652446,0.2466497777391206,setosa
6.3936019685062435,3.1907139746455964,4.468934418648414,1.5203118736430532,versicolor
6.117088494778724,3.0093400768059784,5.088938337965881,1.784492000732878,virginica
6.678791457337646,3.082357638714502,4.75434233357313,1.5430793666136287,versicolor
5.165214743961306,2.6821254817525655,3.9573959599955786,1.428361120228393,versicolor
6.322488382592506,2.685571938838166,4.920481508957103,1.8044525014324901,virginica
5.536080032698202,4.20484748789973,1.45989444770333,0.20257868463972978,setosa
6.511970499049825,3.2136861491776756,4.971448225819719,1.9878019738712176,virginica
5.673548344697716,2.4940349942526363,5.131885248808609,1.966961584177994,virginica
5.240089925394567,3.4635158620132014,1.4704561007378387,0.20621033749398107,setosa
6.0294471320022005,2.21719954240588,3.9692351180787764,0.9823575631491698,versicolor
4.9355230382945505,3.0958525766496177,1.3874576500824374,0.056755984460051194,setosa
7.120584098615559,3.0030877494475883,5.960915322919758,2.083696877676408,virginica
5.806564067406035,4.013562621803353,1.172709132423802,0.21742964645424462,setosa
5.88496837035137,2.9917240310365476,4.994501805516711,1.8185819139812112,virginica
4.880565191084229,2.5002708689402904,4.54241196108987,1.717038753174578,virginica
6.095922375309012,2.790823012994422,3.9929671780417344,1.235614630094161,versicolor
7.340084758910607,2.7713242486221086,6.012021866682367,1.9152545997689567,virginica
6.284342819906519,2.8281668999540397,5.068570028728296,1.528142146412363,virginica
5.161345141135127,4.095546172178422,1.4161880843455381,0.08706316331673046,setosa
6.728483223269501,2.8094181810281356,4.820973277565236,1.3773284039564455,versicolor
4.7401284235842285,3.0015637472113044,1.353287612595599,0.30887846750167985,setosa
5.866318942220639,2.694810838076759,5.009706006212402,1.9068408063271074,virginica
6.209108590113224,2.22946680003492,4.573674366761173,1.5136174991096052,versicolor
5.950781279026187,2.186130368735724,4.91825652441738,1.4851256230750693,virginica
5.443000641617615,3.5137698918697513,1.280395286773103,0.1438769188694543,setosa
5.712980509886276,2.818170345602025,4.676153637922524,1.4111872720386198,versicolor
6.117157920740517,2.578547095013908,5.41190870029972,1.4102153439082068,virginica
4.882802836091776,3.0867299154962335,1.4875792842531874,0.14067571317831662,setosa
5.106502329957446,3.396560841853808,1.4086335685256972,0.1360973860902837,setosa
4.697773224569556,3.238328217670763,1.6114929512943135,0.23749941070655395,setosa
6.279327511350065,3.2743107561798754,5.91485641385395,2.472326796934406,virginica
7.165991875648103,3.618178207443934,6.020342842462669,2.5355469975726797,virginica
6.215938242798231,2.7966041349315858,4.79640388832589,1.775014586834976,virginica
4.381162179557016,3.1734292156428916,1.1872590424223102,0.20658561616487084,setosa
6.965379599120975,3.203468572675555,5.689533605741139,2.310906564434828,virginica
7.009083160922524,3.191091214516334,4.797597919519616,1.4163605040792686,versicolor
6.363585375890546,2.7039724704812538,4.791976091841659,1.7477937305369424,virginica
5.2713654599668605,2.696108074517023,3.866194823296043,1.4557658455011009,versicolor
6.754164648428782,2.7806025727179358,4.856754946662589,1.384942643087976,versicolor
4.493232923593666,2.3073185202009934,1.424169486840717,0.3034565422369019,setosa
6.426661195160175,3.155552851983976,5.295702012840353,2.2678239880749342,virginica
5.663641588487136,2.8927562988409683,4.280801857420958,1.249387457487164,versicolor
6.901268245073342,3.0895033443985556,5.07109234506194,2.3382632702852892,virginica
5.755372703619752,2.9966503608202046,4.138603232242666,1.1914579869636601,versicolor
5.9100401689497515,3.203828060188182,4.7043341771099385,1.8034529124431737,versicolor
5.204231748927275,2.5406894573381242,2.9247260004542763,1.0890340150323825,versicolor
7.639408662400933,2.9871936399531847,6.127842995648695,2.346013007184985,virginica
5.472916174512128,2.3534473845927457,3.7856494464080113,1.0594603514725798,versicolor
6.178079457169108,2.780989907736496,4.791684061221996,1.7329285348571823,virginica
6.288157870578266,2.1720890446220187,4.403240456453274,1.5700930145357002,versicolor
7.420279386117426,2.8746007687179786,6.267512701050854,1.81303308937939,virginica
4.85914085400992,2.4946824460648167,4.568577514619977,1.7165898199928153,virginica
5.084425894929056,3.797098756192811,1.7787052880202614,0.39091175744473144,setosa
6.809612601076793,3.187960663848775,5.941599609898638,2.3386432477329775,virginica
6.5064352880768315,3.0076259788833544,5.804689419034802,2.200003220274712,virginica
5.413103908889552,3.3978908542178066,1.8846614453337043,0.26003613471658305,setosa
5.015975323038454,3.383457136731623,1.5018619241721651,0.44545167697755145,setosa
6.9198795244460305,3.0621778720182915,4.981819569755539,1.517339788117781,versicolor
4.654024498138455,3.189777476291178,1.3232654010229683,0.202002030037411,setosa
6.0957152435285735,2.794537202110877,4.7134592205836405,1.2561492452758145,versicolor
5.893731854148816,3.394865153633199,4.515572106032238,1.61129454963543,versicolor
4.927265909782429,3.6071108487945462,1.55238859951401,0.1414708596278953,setosa
5.135765335927093,3.292877666605746,1.6945899035989682,0.4598234595817732,setosa
5.853826144686546,2.7126317999205614,5.252826298515279,1.9449277265239802,virginica
7.7181796403033935,3.037808004496722,6.138728424674859,2.331594403556198,virginica
5.102755216803582,3.284880049880427,1.787302105072793,0.4550382466517435,setosa
6.7323918909383975,3.295866739300529,5.8033286144261735,2.1286516867180154,virginica
6.43025648844577,2.8659186143958206,4.294093322727891,1.255278506081031,versicolor
5.578541500886138,2.732763002591878,4.256243883717894,1.273330186786428,versicolor
5.501357287035753,2.373625321989921,3.740791319495452,1.111905668986337,versicolor
6.347833738217254,3.313197775566649,4.497860100150357,1.6116140369337897,versicolor
6.317136426300811,3.3350389661966213,5.817979012658929,2.4774446535804624,virginica
6.124465475535656,2.765711483275725,4.130209731959736,1.3140557652879523,versicolor
6.276361044645507,2.5176421653381222,5.094261651576262,1.908886168128685,virginica
6.909704971980578,3.105860964533389,4.823834799271237,1.4943705951482813,versicolor
6.315873773637283,2.5216759052911137,4.806614866085052,1.4952299007851004,versicolor
5.661337157956064,2.48387921869955,3.8274602639593427,1.1077196071704285,versicolor
6.900473076479309,3.1288114876019,5.17558723992663,2.332122201331323,virginica
5.622942255285004,3.0504628571567296,4.081900426338643,1.2235495220786174,versicolor
6.381049730221496,3.102338817348718,5.615529898466519,1.738860921012411,virginica
4.948177666891042,3.1652847497777756,1.1299404856827004,0.21677566991633848,setosa
5.0114386644968425,3.469371637472886,1.3962003162101733,0.6020740261270312,setosa
5.880466912327618,3.2099593528668526,4.861927065598217,1.8052750216911846,versicolor
5.809490108752597,2.711491652050133,4.037833005279899,0.9931463810101223,versicolor
7.208147181021866,3.0177888239625834,5.765263751777551,1.6198867194717357,virginica
5.9951333656313235,2.217983736889412,4.824170179155721,1.4505291608255924,virginica
7.13863262384971,3.1494078662765355,5.940162818583135,1.8285969265385988,virginica
6.508189163365301,3.0236139255204972,5.917129826153028,2.197361832122737,virginica
7.9560429313230605,3.8019972797510917,6.326123873712354,1.9773188493174385,virginica
6.263228321930636,3.39223830003391,5.670893090867967,2.465661199032453,virginica
5.642773115219958,2.908516387779215,4.108202151294644,1.3181135091057403,versicolor
6.524194445104916,2.9201252147399357,4.5466262194117295,1.279627414904429,versicolor
7.2557087131444185,2.8858153246604434,6.337748931553224,1.7927788074204143,virginica
6.314984761410671,2.5286315690535583,4.869759055786903,1.4436460046554662,versicolor
6.044186536709097,2.6928134307147396,5.198330483456841,1.6146289181023732,versicolor
7.314440475205746,2.9422973973733457,6.483233342865285,1.8026474479273988,virginica
6.306632420217327,2.8233325804968477,5.025394920271368,1.512709311630296,virginica
6.912996837860106,3.0819328013236826,4.959766732795666,2.2208990211727664,virginica
5.7537366032046355,3.990056050284394,1.174134338877936,0.27392093853828464,setosa
6.260166246726454,2.707538220349764,4.8640871423632674,1.789149234122421,virginica
5.6076730946463185,3.0134234537040148,4.07007027016965,1.3405944862390566,versicolor
4.800262458141266,3.1563168275313465,1.6196803226582865,0.2546886522938986,setosa
6.303789237978586,3.312591082235222,5.994990528615171,2.493497581198364,virginica
5.71781589900878,2.7815389159427855,4.158718609108508,1.3414124217635612,versicolor
5.015175612158661,2.293794208874781,3.340049306904386,0.9882216420993067,versicolor
5.924173732754444,2.892724127716626,4.324368533175866,1.4429514133957966,versicolor
6.5564684057868625,3.0194073557899888,5.136526719232015,1.9426674174039875,virginica
4.377497488958643,3.2524739090223043,1.3383659344443262,0.17864781995716184,setosa
6.019255858414002,2.966158866893417,4.773769829376371,1.8037958651044608,virginica
7.732741988158455,2.6074718104767043,6.958960403676757,2.2737330649263234,virginica
5.3371725264440695,3.7353148897028716,1.4144124188560083,0.1661272762490131,setosa
6.692077726291279,3.1304344484884292,4.360959047668966,1.4555216830597641,versicolor
6.205443947560305,2.8055983274411234,4.938041021445084,1.786195548705412,virginica
5.481427958655425,4.209806471391742,1.2618671360159595,0.22432463834399674,setosa
6.1776930860577375,2.9248842520101777,4.088775911367624,1.2699861939837502,versicolor
5.065791368248339,3.5053693262919614,1.3841884441128658,0.19033160932756385,setosa
4.793409219996183,3.0044093992065384,1.3110259206668873,0.3269719948109746,setosa
6.715941843707974,3.3120654867429873,5.726150298673412,2.5776544025563912,virginica
6.196394013350355,3.393342523170767,5.333523027511012,2.260610882734586,virginica
5.163200852513787,4.098467669429537,1.5294918575505967,0.10195148056683878,setosa
6.668304308349416,3.119515745306755,4.465231740888964,1.3939081339648265,versicolor
6.6227067292438235,2.9040752139110158,4.472244734639928,1.2974060068710964,versicolor
4.9108491490147985,3.0804948729308355,1.51674817794577,0.04448682965538023,setosa
6.05166925560191,3.3945254960162945,4.532064312770174,1.508042108256951,versicolor
4.852123383518392,3.0936309565711957,1.4054153302044667,0.1272599674776443,setosa
6.351284260258021,3.081844031600733,5.520771495444524,1.8614770297427587,virginica
5.349389661803774,3.0053990322977993,4.660676844160512,1.436972113168218,versicolor
5.582461285880107,2.4887137912812416,3.9716885152696015,1.1092212605508844,versicolor
4.926510701998226,3.611173950935734,1.349048929691659,0.24863040416697246,setosa
4.9736420223755005,3.011731579407155,1.6673061532178821,0.21709859214686142,setosa
7.830210697803165,3.811664433623491,6.308752287655233,2.0089776745912094,virginica
4.918479212627338,2.382513165177068,3.1868446615871,1.0272379752399452,versicolor
5.5100048821705965,3.486689157580385,1.4280244797107795,0.1831855685561282,setosa
6.41113390586902,2.8865658188008454,4.3415641248327725,1.2796445055537857,versicolor
6.282956812419756,2.829541704851913,5.008198436011477,1.4079330386543325,virginica
5.20555060633305,3.791213877596562,1.4291301705494708,0.18815254092200387,setosa
6.488149423509352,2.7958825051470346,4.501775770175121,1.5221149155676668,versicolor
4.838126666238394,2.5151583862692966,4.681089964893734,1.7065616687422895,virginica
5.086033622958821,3.496921410701888,1.454278580157657,0.13396096869502627,setosa
5.783833501462669,4.0400603207005235,1.1846343035937812,0.2636433173187809,setosa
5.054301485704803,3.812731611701049,1.6281778173785693,0.16683886288732191,setosa
5.050202288915768,3.4929802879477534,1.4507333276004173,0.5993298370159554,setosa
4.662636700104868,3.192578145822448,1.5928022436574607,0.13491565948709572,setosa
5.919959160896009,2.9886676073449086,3.9737356355667384,1.5299481078548673,versicolor
4.811277008431411,2.9845233968636555,1.2838278942999395,0.33189278870353345,setosa
4.6986476123366705,3.409109569305319,1.4342035669661166,0.29363035785238806,setosa
5.633817221488935,2.5135516693688937,4.010428458263868,1.0801073407373563,versicolor
4.779263362272099,2.990560489830346,1.357733029098951,0.33017544140366295,setosa
5.462037656051876,3.8900524686173923,1.2625260280411312,0.4119845703559909,setosa
5.739418169109136,2.8511821088166527,4.127067236697112,1.2701445285127566,versicolor
6.303929589064663,2.8791085926155895,4.219263993087862,1.292326241134896,versicolor
7.189853678772439,3.5776522517408176,6.094975412223691,2.540034405955607,virginica
5.559592078103694,2.6802589955131197,4.249275759464326,1.291546616680268,versicolor
7.199434977697938,3.6152118683150634,6.008684351967051,2.4995388734470616,virginica
6.391276736780135,2.7736398306035777,5.462068379131771,2.2261668371190426,virginica
6.957674216273409,3.1979148680038594,4.799514975299917,1.3129715207150392,versicolor
5.338034209753495,3.3799920844380464,1.8289066914822028,0.21078296457398468,setosa
5.452793568121373,2.5757287806558415,4.439506583306014,1.2022236340809407,versicolor
6.122719601450398,2.795931346296286,4.024538123531908,1.306033513905662,versicolor
7.0334128111637915,3.1648816359048415,4.5017436735919985,1.4382246380333563,versicolor
6.649175745953977,2.9778731832346867,4.235923421547034,1.4037789743727032,versicolor
6.27442635679332,2.8111931845116644,4.76720677350535,1.7659198886197782,virginica
6.700474121337703,3.2935120263401934,5.610449672974695,2.5781764941038308,virginica
4.747036171729305,3.1800362252947187,1.6754306777621952,0.22440688825419325,setosa
4.618322852074409,3.6270923875448537,1.0560530909356423,0.22823749067235993,setosa
6.814109891083621,2.9613318180236834,5.50737713682608,2.078776806607833,virginica
6.747010352688977,3.23646130594416,6.052533734273053,2.351865190072833,virginica
6.455920345712845,3.200261309527139,5.3178909828234575,2.2582752788944798,virginica
4.716436752617862,3.2013091497525576,1.1850787002481615,0.19804641870865525,setosa
6.07442497575334,2.2193862906193824,5.0010097283224155,1.5094932353936776,virginica
5.201830538637272,3.3956008825248407,1.3045071674908204,0.19423615685250956,setosa
6.248232802646667,2.8110831435316026,5.1345177677795935,1.4318227485210937,virginica
4.594920450363352,3.2215865228370824,1.4934457997103425,0.23914392029401743,setosa
6.06501232936514,2.9765057176613845,4.630401396537861,1.414472581616922,versicolor
6.353299764450612,3.323847245950124,5.988334652915677,2.4525235459329995,virginica
5.708994089718138,2.8956188927188773,4.149017591756884,1.3096495881478654,versicolor
6.079134483220282,2.7863837059468577,4.0274766870348495,1.2846607522195181,versicolor
5.1113115498675565,3.7752975033462803,1.8575444167065545,0.4548627457933507,setosa
5.051886065874386,3.254111533590347,1.535746119641488,0.5011107784210161,setosa
5.195130521716998,3.4263232901368603,1.1641998173540822,0.21510805946375577,setosa
5.2646487042922105,4.075550033793963,1.4664930817483535,0.07127112230136187,setosa
5.986491674239714,2.230947474927941,5.162096128478919,1.4871812185925977,virginica
6.778875791751252,3.1007712879019422,5.754712412889922,2.396439906666538,virginica
7.115131851571805,3.068916643601324,5.975101282573347,2.0730121738371774,virginica
5.640119715722906,2.9921555735127243,4.056793738830687,1.334670444386283,versicolor
5.411533963943884,3.4003031956321963,1.7296937070797003,0.2162158644742468,setosa
7.619803164600674,2.61445110586093,6.813365244143087,2.2449646960975995,virginica
5.403477091211915,3.8849649836073428,1.7733144789650117,0.3487852302269965,setosa
6.083151183282455,2.7873200951115087,4.6958900234451715,1.210640913715263,versicolor
5.9299876976141315,3.2013658734256136,4.633090569860214,1.725263995182884,versicolor
4.79948994054023,2.995209491400544,1.3908761719887566,0.09893224438598937,setosa
5.939235827155341,3.175911561781776,4.696607469494093,1.758280907684772,versicolor
5.8119621052945325,2.7269901050663177,5.061946794361973,1.8045400445709119,virginica
6.765509525324546,2.7879085963549857,4.763971538339774,1.4014721799214882,versicolor
4.987092671146227,2.322749384290931,3.240361063080734,0.9670956393232344,versicolor
4.536419340859818,3.4084484053305886,1.409047346574887,0.2943738840017916,setosa
6.265759882310342,2.886510719561651,4.481761608163149,1.2913979784002194,versicolor
6.2028949018352115,2.876667310175547,4.233679331564966,1.3151500113859877,versicolor
5.823002935446118,2.6865115812228235,5.187109890034289,1.9441682239567943,virginica
5.1601319959478475,4.111477532084429,1.6202830730376612,0.028232423835877096,setosa
6.186837617760921,3.381203572646853,5.410518227197978,2.2781946195016722,virginica
5.777928263261389,3.7963205230873287,1.7365051807034888,0.29113705829503317,setosa
5.9031347804597445,3.2001304399205184,4.839551606837953,1.8444658481568883,versicolor
7.312819295118535,2.912781208803316,6.198469557969732,1.796646796003992,virginica
5.8389310928182265,2.6187739537717865,4.018668426680211,1.2338230535811512,versicolor
6.34969664778322,2.806273224219858,5.068619931433192,1.5128150431367375,virginica
6.178663703125694,2.9083008538599135,5.278133295538765,1.734236019385511,virginica
6.7197712934653175,3.074798874678383,4.337177630810955,1.4522971538701082,versicolor
4.9799595521562,2.34862587441483,3.299830628592617,1.0155698595694742,versicolor
5.505424955838319,3.4782694675972174,1.2903197321800635,0.19864116420783287,setosa
5.543495183218567,2.994453633460131,4.0345230556911895,1.3352716775786044,versicolor
5.088291320949739,3.79769800594563,1.6196840522708402,0.22353641910634317,setosa
7.358608608285682,2.777418676385511,6.197455928257653,1.8842660343388815,virginica
6.718375313590312,3.1100457255976384,5.464958737148189,2.408756571808999,virginica
5.130455572157657,3.7081165917855454,1.5557540517490167,0.34641584767767464,setosa
6.787470541376286,2.7895332466797673,4.8768013046982075,1.4564462116372647,versicolor
5.1742928531636165,3.828504660680958,1.4903191384582477,0.3134591090614013,setosa
6.305017167763635,3.302834930400417,6.072672342344098,2.497737890594443,virginica
6.769805109520611,2.7910143418220366,4.855924220744654,1.4001142181166142,versicolor
6.727743496176435,2.9918735437012463,5.266716985122992,2.3144558901121592,virginica
6.248874655417241,2.831268757635438,5.055823787446577,1.4368448105154594,virginica
5.957725354365328,2.20113110270874,4.9758406287999986,1.4871471532873426,virginica
7.725657710352867,2.607368401159266,6.927882065832361,2.3156382494732535,virginica
4.912723761915818,3.392099082348768,1.4076596421214667,0.4013759760240342,setosa
6.299808179631458,3.422666842334718,5.704774318697737,2.407737497811135,virginica
5.020087274195559,3.188554895779421,1.1998771388677738,0.2376290261534958,setosa
5.076906422061477,3.3174668837380783,1.7597610403712154,0.4635670184334274,setosa
4.8289229564373715,3.402209724247266,1.8327470462023694,0.16721438487950208,setosa
5.777738991589265,2.6117632936330004,3.9156937720408336,1.216694608607997,versicolor
6.89155088587209,3.1023771321318465,5.61571187786914,2.047444338138845,virginica
6.460946270120025,3.103248540915283,5.536274006412915,1.8045159240680044,virginica
5.693636928535153,2.8315233943557545,4.059729649600546,1.3432038487941824,versicolor
5.173321070688448,3.4986937571075667,1.4054303691657495,0.21736281199559448,setosa
6.89679719838503,3.095731574052671,4.801667353496889,1.4912506424224232,versicolor
6.234053051234351,2.4802090648995483,5.02000729653576,1.950330954515076,virginica
4.875713437993789,2.531116899150935,4.5215040926917345,1.6942286866864265,virginica
5.817910840631279,2.7013423317551593,3.909739223627282,1.1844188080298075,versicolor
6.336088812774925,2.7141621632658595,5.2755892355425065,1.877254417660938,virginica
6.000352161069333,3.017233905139127,4.815911891204944,1.7749662313978292,virginica
6.497222731228532,3.0342362925339224,5.543630293073747,1.8371530883742202,virginica
5.15142125028325,3.724500231743364,1.5541764563986697,0.4228317488120088,setosa
5.75456659203768,2.815191478732703,4.980388707184387,2.369679644523584,virginica
7.253971903913352,3.2182157341418005,6.1312197957461905,1.7896334387922044,virginica
5.090045105060005,3.802212009503221,1.6069684652028067,0.24325902175098646,setosa
5.985042209900724,2.9076320072188566,4.4127823034909195,1.517183223395631,versicolor
5.068955248613029,3.4948872865054406,1.3837518275994294,0.28969141055604075,setosa
7.373339384190604,2.897865718671148,6.278483236142809,1.7199653885754553,virginica
6.189107890401828,2.885130909058864,4.421895654607944,1.2937062982497067,versicolor
5.453345852032416,3.001337738915446,4.5032842777386435,1.4966117018551663,versicolor
7.67116379614816,2.9497114992152995,6.423421590852191,2.079273667285048,virginica
5.800601502347188,2.7149612676411774,5.1417362356308836,1.8853379302065272,virginica
5.742653495927464,3.8039903214300503,1.784926633915873,0.31040360807310424,setosa
5.676752746204331,2.615128470588157,3.509758402609625,1.000051125922146,versicolor
6.098525790317548,2.1692650104255304,4.395275434989181,1.486138686738533,versicolor
6.389458379935516,2.767321608687765,5.513088352545539,2.167151971306548,virginica
5.574598073914314,3.4910733897392623,1.2679243109114626,0.1561486312570105,setosa
6.620997091852188,3.2974660708031154,5.611968479233719,2.0967622702661557,virginica
6.068451738034449,2.6032221931518795,5.632307384615624,1.415929910483643,virginica
6.245327389992583,2.7185293435294606,4.829404507111553,1.824148615775148,virginica
6.64301300665207,2.493144923701391,5.832232762360374,1.8233895557199966,virginica
7.294162634883572,2.9332085306614637,6.388883628882526,1.7902065827083895,virginica
5.380065444179429,3.7425027485206335,1.391664596728892,0.16464531518394607,setosa
5.161480547504614,3.777056767826721,1.3833240709096677,0.28144778633025597,setosa
4.895760437781943,2.4858959657506476,4.44052028825735,1.6728186158790899,virginica
4.563585393363857,3.1494651518101904,1.5262467304580831,0.23383698488347285,setosa
6.392300778717546,3.1845303526413993,4.266063583305547,1.4474178709105072,versicolor
7.125034400021212,3.5512253276042642,5.994544210828761,2.5505577079498813,virginica
4.553433606878692,2.308909985370659,1.3690381385952846,0.26562353904336505,setosa
5.121693301894431,2.515798317325164,2.9491275871236344,1.12135096221255,versicolor
6.477246704445037,3.1756586997395138,4.995534989567734,2.003300881676701,virginica
6.513539289792946,2.9828182654152933,5.502345385955358,1.8217705733833625,virginica
6.4642529681077825,2.7276845812279804,5.211665047486054,1.964242345019417,virginica
6.678015817091267,3.322652545378862,5.70599784956441,2.0842731887322623,virginica
5.492896662016337,2.266193014996897,4.08533612619626,1.357877830461439,versicolor
4.567005250137504,3.406546639807708,1.3360052193054437,0.2760182563600577,setosa
5.898404388536817,3.0377150747376818,4.157456958370619,1.5381327128349915,versicolor
7.204033237384053,3.217252240906611,5.960551294923452,1.7981089320388153,virginica
5.765384471107065,2.7143537393526294,5.157365631174805,1.9226488820602075,virginica
5.263635459893727,2.7314213830509204,3.866921996643876,1.414234944201472,versicolor
6.300966987309134,2.4869976025309732,5.142924256759901,1.913878007508548,virginica
5.490972873205209,2.4258773111346583,3.5085060923546965,0.9231457984920508,versicolor
5.9025035936848695,3.205429604554739,4.682983981517982,1.7991134471997485,versicolor
5.482951913991913,3.0178684133285176,4.514971684682476,1.483246564615883,versicolor
6.211844167409575,2.5055855710444184,4.9745893830665056,1.4398774592819146,versicolor
6.072615153750417,2.774906495993034,3.914835731972705,1.3020407538996386,versicolor
5.49458022057083,3.0133172083854785,4.566505863953776,1.4904184181335374,versicolor
6.597290465474768,2.4783979276015025,5.908767867416472,1.6939971912139244,virginica
5.951144066218188,2.217442855292907,4.94044075785217,1.5154140925038813,virginica
5.023411930991305,3.6398088539241584,1.3820962545257187,0.21434911500168088,setosa
6.449287057502449,2.783512384486783,5.550529695115515,2.1991510678190838,virginica
5.03529142058386,2.5049596691576874,3.0853508623782,1.111177779700473,versicolor
5.094873885851838,3.516086975559911,1.2343219136444399,0.25898903858700084,setosa
4.436291803411778,2.905855592189642,1.4363445535972241,0.2709546718287335,setosa
6.4272387388721235,3.1587681920076163,5.481137943591313,1.7695543599163297,virginica
6.317712185352969,3.3095172006541023,4.653532630347348,1.5606057562413393,versicolor
7.413532400348953,2.784124261216519,6.180804306429758,1.89583523525907,virginica
5.389529871995508,3.91218991593477,1.586028827287888,0.4134555619242662,setosa
5.719301296584275,2.7918438285966944,4.055262654407339,1.2843422320796223,versicolor
7.289485105426904,2.8918092618300273,6.380837930883392,1.7338641427636192,virginica
6.484279722463992,2.808172120777904,4.500575975910113,1.5506979535211798,versicolor
5.151573405917169,3.8208036496601134,1.7663667871184834,0.43163763257772825,setosa
4.533536462701637,3.3994732396307996,1.4321596048113576,0.3212187409206187,setosa
5.20733920668847,3.5063138142817487,1.6300035015782823,0.24678304740189086,setosa
7.186856994251234,3.5964304125548505,5.945428075025566,2.5035938406288114,virginica
4.651702700669111,3.1764435178586274,1.429677634275776,0.16505397378997036,setosa
5.061168981307317,3.4882375007807225,1.3407768576983654,0.2285979897331423,setosa
6.177106104606471,2.9130653336223498,4.6838996775494905,1.4219617250727423,versicolor
4.848960682626895,3.3929761022188396,1.8819967790279393,0.1812393868110779,setosa
4.575959112061177,3.415060261273628,1.4225763635964777,0.3248694297497644,setosa
5.021248169021883,3.2909194783656455,1.5967092196000383,0.1401708530230796,setosa
6.152206974357278,3.029655844455127,4.824821680085609,1.8850647051043006,virginica
6.440208365855407,2.7006075130443175,5.280836086534559,1.8920093702118874,virginica
6.21616925793756,2.8303773199006725,4.815995725421118,1.7652211004274023,virginica
5.138138686592552,3.8141928323707,1.6657686746862381,0.18966191436205726,setosa
4.76153677687204,2.9811778133656075,1.2557177624169746,0.10904149390661959,setosa
6.481783054257611,3.1359230245604515,4.989960379315421,2.0427690791426647,virginica
5.472482286078716,2.5078175250078276,3.877312311481078,1.354898177150317,versicolor
5.812008631403664,2.8504222443620497,5.23378189395572,2.3883020576539296,virginica
6.175438722923805,2.7929422767456398,4.844983744085495,1.7959848535830139,virginica
5.760746154865818,2.997523962031192,4.402872097662728,1.203462558112847,versicolor
5.873918084495666,2.7077465834513275,5.184953364952513,1.8723502646239552,virginica
4.819033346508881,3.12143155312058,1.6035514697082733,0.15091375541392535,setosa
4.4436808060788655,2.269060088723708,1.1440585724585297,0.3041777464060511,setosa
6.49944454206337,2.95099485099496,5.783170917423312,2.1937879098490853,virginica
6.18678127846728,2.8684096645043966,4.665534023017799,1.4650919898458379,versicolor
6.3233230237813025,3.3024841580032094,6.029107955851909,2.5296720532940506,virginica
6.466484589913171,3.2190360602428676,4.978872272017554,2.012529877284846,virginica
4.974483428438062,3.2995081896833556,1.3450788721198348,0.1591059810255208,setosa
6.785359180505805,3.176065840394718,5.928477521857747,2.256114995063165,virginica
6.251082860146664,2.687722887302538,4.844896849608668,1.8505649980235284,virginica
6.813675095818837,2.9954096713846834,5.54399753828253,2.019593676265277,virginica
5.482703691539784,3.4028692346152427,1.7059913691233024,0.22091550303775095,setosa
6.337081018301399,2.256695490241377,4.251583440125073,1.3080243028839267,versicolor
6.554322183934779,3.1931671088729363,4.929333723344125,1.9516150779367174,virginica
5.186154321261546,3.694924224944476,1.483380559952992,0.18380333617892491,setosa
5.449622684016452,3.6963060274455413,1.3116751451380524,0.223554253440337,setosa
5.122993749702699,2.5067075212401733,3.086587145572443,1.0555524462975407,versicolor
4.360276518769066,3.2162429399588204,1.1511404636208855,0.16450292556424434,setosa
6.162782675694044,2.8943437660455715,4.7740988297837905,1.4090417525102494,versicolor
5.756467912885419,2.494869303994864,4.842901466021393,1.9693499347831143,virginica
6.022821160027972,3.0085745249305362,4.661752521201496,1.772360511282149,virginica
5.38486835041541,2.9701705847528226,4.444564459276298,1.4721976540829165,versicolor
6.331944027950859,3.3175415198823637,4.687136452515275,1.5850405309303524,versicolor
5.866191090628308,2.975137006654228,4.117052724984963,1.4757767757471043,versicolor
4.251828337780116,3.003513405145576,1.16437626177916,0.03943944418053345,setosa
6.790893930880504,3.207403811166477,5.898858528667451,2.2445335047695782,virginica
6.347732909064733,2.800637894749679,5.690760103122812,2.0155109561825095,virginica
6.84925428438379,3.196682442529289,5.9485394259548885,2.273172263937755,virginica
4.895057844677669,2.464859055962577,4.293179639762364,1.7359740924056635,virginica
5.681139641060096,3.7699423262974943,1.575611033218239,0.2933666945930112,setosa
6.869793091889558,3.1081943037295194,4.939923401363026,1.512242992703177,versicolor
6.465324820415227,2.676854870744822,5.295153590015211,1.943221220177236,virginica
5.452356129179621,3.8691765684771333,1.6724436840229586,0.4518232351420809,setosa
6.708084535120734,3.095280657762806,5.566140690474233,2.4109978736980167,virginica
6.189550876776115,2.899076907606474,4.30693405810256,1.274126121469434,versicolor
6.120659364099678,2.8614754350910814,4.528584715700054,1.4709926384067984,versicolor
4.923906375832541,3.101009352779318,1.567211606017932,0.14485502354013285,setosa
6.946870707756781,3.049176288455745,5.040311325570152,1.5143116355011035,versicolor
6.344626278707929,2.6735534408234014,4.826708632830711,1.8055687188401042,virginica
6.31171997548128,3.323511980218263,4.544270461498254,1.6371590242527103,versicolor
6.700342898455556,3.2955820672128797,5.570216712017422,2.1191953497435057,virginica
6.780918817653181,3.2140569977397204,5.768364899758076,2.3020398490121465,virginica
5.595066016114912,2.925355254379384,3.5842388585830935,1.273513035041646,versicolor
4.852701555284621,3.0116267657518807,1.365979329302736,0.09097766873836867,setosa
6.835113686737166,3.1084220101800097,4.7447472614994695,1.5286870774237529,versicolor
4.498827696717149,2.976149374108893,1.2909430455106454,0.26861912878139727,setosa
7.049327470317452,3.1849063207466584,4.719758635201315,1.400076291516233,versicolor
4.971072319834008,3.1980635590750195,1.0590181878454275,0.20515604568744117,setosa
6.418632343827521,3.0950696118192145,5.357518561469505,1.837720435482432,virginica
5.669940574459664,2.7939166621242664,3.9676094131067074,1.260872362316873,versicolor
5.077732832041974,3.5266318138081787,1.343582357924471,0.32442929655501723,setosa
6.210265848832808,2.7969345857309125,4.877021944648886,1.7795926491227554,virginica
5.034892131044233,3.370039738070413,1.4530772244387182,0.1523383233174253,setosa
4.58071565795953,3.651480794590741,0.8466970442145483,0.2077702423849536,setosa
7.353299015364237,2.78930319927958,6.112476170327048,1.8112683928410516,virginica
6.978786660709278,3.0901695866636816,5.422920514390584,2.139108999975543,virginica
5.693211783003211,4.387404948356243,1.2992322109422307,0.4244589476418412,setosa
6.658071540215765,3.0027445806706785,5.148507122986308,2.2798362960921885,virginica
5.125102458503307,3.4709842500011394,1.4923952238438343,0.2466670395544778,setosa
5.779616330461524,2.5244407305767607,5.008610723871391,1.964111213157302,virginica
6.378086376517255,2.9015885879783814,4.30331033786813,1.2965325436973802,versicolor
5.7911241616485825,2.5687383111560638,3.9544328949703362,1.2349002585709015,versicolor
6.243346435822376,2.4958904904254613,4.927680471437031,1.9042489138144083,virginica
5.4611689825827305,3.91098257869444,1.1842713853672333,0.4256127433596746,setosa
6.167926851842711,2.1874908827847044,4.527685434362321,1.4812358837214639,versicolor
6.367932722614135,2.7865814147879577,5.54209428961807,2.178416335663532,virginica
5.745510164765422,3.813632124795752,1.8508530014716404,0.38652885162806844,setosa
5.7029155847050745,4.374500311684051,1.4313988111202516,0.3759572882070278,setosa
6.6562302928349695,3.0771953831138488,4.387271084812937,1.3535724134691576,versicolor
4.962001969091634,3.260910656140674,1.160178402873474,0.20274805185104816,setosa
6.246368592048447,3.4369875840493016,5.698763493067956,2.4113297268066862,virginica
5.808722305286531,2.5756876938930993,4.129010474404853,1.230877282587074,versicolor
6.103951491752923,2.847180068603736,4.613242038297334,1.4262436147652384,versicolor
4.945923297553612,2.3654856109306746,3.32660325239122,1.0387500672909802,versicolor
5.9313394244660165,2.1998286323550045,5.024158655971207,1.488523413817551,virginica
7.086515021355076,2.9929041113681736,5.886936901289226,2.0784990364522686,virginica
5.78165783208091,2.7991391790924505,5.139033796995523,2.388383672293236,virginica
6.1038237625430245,2.9583550890963424,4.942084525975645,1.7999785133190997,virginica
4.801643443243771,3.4208284465251717,1.7277206201191484,0.12468237399420959,setosa
5.299705338666517,3.7036893877246513,1.4592306775976462,0.22535043213923125,setosa
5.738614331775871,4.41049259847287,1.4769894470943141,0.31957471018366,setosa
7.150583606303718,3.0139738430388445,5.82239704694482,2.1257106714612677,virginica
5.6356287751640775,3.0337946928752304,4.422708687978468,1.491358937564887,versicolor
7.702376966778137,2.775776655391131,6.7365778719872935,2.02208059208281,virginica
4.403641954748527,3.0047605387643053,1.277176701215177,0.2564082224510899,setosa
5.075682978504859,3.8002381628086463,1.977542221733737,0.3428631790453857,setosa
5.545749382195988,2.6558226255472848,4.202884406153591,1.2573276451546145,versicolor
7.227383243841632,2.986091536288637,5.820403936184813,1.588577853015051,virginica
7.32782775492302,2.9103006413585297,6.238956902860823,1.793564580139288,virginica
4.816287103089368,2.969714259928516,1.4578392947410148,0.2586133876462475,setosa
4.858482711428037,3.0222021715613834,1.4255739926579003,0.10599969667082489,setosa
4.828093135058803,3.3919616347471986,1.920782214504127,0.2332713038933719,setosa
6.176739351541507,3.386641116661868,5.294631857846183,2.2593818094773006,virginica
6.630217324970343,3.03921675275937,4.5257439746504,1.3379518077795776,versicolor
6.33001138006111,3.330830861173944,4.659699757097335,1.6038710348209269,versicolor
5.511043759290404,2.3769423275761605,3.7176120051070307,0.9404275609978406,versicolor
7.922476125399205,3.8222111433991723,6.3309070729747186,1.9566172659757188,virginica
6.188969598819874,3.3873912089286375,5.263167483855537,2.317286306503579,virginica
5.78136973840923,2.6766783503901848,5.051075056157297,1.9408788783258502,virginica
4.894616491135937,2.5134220207071065,4.397583161919226,1.7012351795039886,virginica
5.006099631588531,2.9898140781322344,1.638416579000085,0.17022019129526955,setosa
5.522848777806627,2.53675680351979,4.505009984462945,1.0837083235496876,versicolor
4.57449353343816,3.4222292537410275,1.3720086411492405,0.24405322090735837,setosa
5.142517293257696,3.258342328314873,1.7996007476240885,0.4978974120612807,setosa
5.750630890785082,2.6873582310890005,5.010259430044389,1.9330534533383577,virginica
7.128821044825061,3.1912502376649705,5.923848879557487,1.8493578013463443,virginica
6.444101432543336,3.234779230695653,5.097062704085966,1.9556628638309623,virginica
7.866810329520539,3.7723666355864265,6.408365722383412,1.9531451528794008,virginica
4.40972562979782,2.2917687221041083,1.1409501856401412,0.2712990177023621,setosa
5.7639287740302745,2.6433803109047553,4.004976686051775,1.209362876060838,versicolor
5.626451237050069,3.7858222652707223,1.7189942178369113,0.26090598774636764,setosa
5.550204384749037,2.9937916636261046,4.448297925964031,1.5062701538145338,versicolor
5.973481593309521,2.994127103215889,4.779168362215086,1.771977204718662,virginica
6.309870066925328,2.898078874871543,5.562024526325055,1.830394556656451,virginica
5.69023568254401,3.7933508900344233,1.7092358613250012,0.3647384175667902,setosa
5.53187462082647,4.158956587702612,1.419168059854305,0.2601020689479069,setosa
5.020232492646015,3.603699103171529,1.3505565756446227,0.201184700227629,setosa
5.067457969679455,3.293715579106374,1.717501388537156,0.47072450264673055,setosa
5.4666172667343345,4.170510309169615,1.4344701607308814,0.2208084652534752,setosa
6.339961249637615,2.801904945379552,5.134583605136638,1.511593839755302,virginica
6.696209940528267,3.0884919337488057,4.595334804409698,1.3827544377501286,versicolor
4.317969441700434,3.005460132088168,0.9760678553809999,0.14283919847221344,setosa
6.396100033135636,3.175915329839956,4.604875748314042,1.523874551664171,versicolor
5.773581245662046,2.5142825395631974,4.999100488269349,2.060679628158247,virginica
6.5065954549525635,2.7993911669194667,4.541747649599698,1.5222022706410274,versicolor
5.200607806329833,2.6828733205454633,3.911462544392602,1.3973366153443973,versicolor
4.844789754206393,3.0680915268536624,1.5498584080988487,0.0007170491831200582,setosa
7.180205780675699,3.6283624143300997,6.056465730758581,2.525164623104424,virginica
5.583566454617269,2.702466027613977,4.265004471066106,1.2823497818225884,versicolor
4.958857622326231,3.5063866890350663,1.6813962183572992,0.6251857350892537,setosa
7.479347154428066,2.7834488527471937,5.978330044937933,1.8620581240550838,virginica
6.420615655810591,3.102216895296101,5.400931582591302,1.8292621506181561,virginica
4.349293172842747,3.2251256973037097,1.5520861351272086,0.21398305644073343,setosa
6.8795939759767295,3.1607550900812367,5.646827482418443,2.2582972628600877,virginica
4.740089226162088,3.0373402736483697,1.4240722099322132,0.31448813278179827,setosa
6.292842565606086,3.320911184441974,4.697147186372587,1.620250238967955,versicolor
6.8918847740008236,3.1925822226481233,5.575880595854599,2.2245329779332876,virginica
5.00233914984912,3.372117066620552,1.59695859220789,0.40205109229200764,setosa
6.610734139926657,2.480160357673122,5.835929236520807,1.8147694013503721,virginica
6.506560273183148,3.0221654978405943,5.568554169831813,1.796364081405445,virginica
4.58062423331201,3.58635599058527,1.0412715388911717,0.2074447846426254,setosa
6.505460011890645,3.2177505695609536,5.108345049836278,2.029942181130367,virginica
7.436054941980624,2.782558091489757,5.940483686074306,1.9588966576403006,virginica
6.329014615152194,2.884524596333328,4.368095538154677,1.289328081105804,versicolor
5.678798964160878,3.030370720276108,4.107607258668343,1.1695440345752401,versicolor
5.116166125186785,3.810760575808719,1.5803903506637411,0.3075773703722618,setosa
6.520262113170564,2.994380416985429,5.805531308326361,2.2041032932303963,virginica
6.131985702358691,3.0120354004834278,4.903900869141309,1.7691253406601486,virginica
6.302801813831969,2.8993925823926117,5.617042676209052,1.8841966744989473,virginica
5.517484161647736,3.5231639537131696,1.3086458289215679,0.2892075807564561,setosa
5.984347923373621,2.2070261621585883,4.929528541606782,1.4865865061200927,virginica
4.635039786398354,3.4069178852408837,1.511080397561566,0.29637631015661225,setosa
5.186247124583006,4.158621628026219,1.534780047949475,0.07254599648654719,setosa
6.460969934662576,3.0203045572447818,5.7678542631926115,2.204859902069343,virginica
4.897370530893245,3.1158585473443905,1.4252993716020739,0.05895827281771135,setosa
6.1248817013976895,2.6072092059651624,5.528589165568708,1.4258514917290772,virginica
4.569201698117294,3.5886931905232546,0.9167234562747293,0.24964964852137628,setosa
5.725048726102533,3.027039188863665,4.448134788387789,1.1347792869402742,versicolor
5.169428768184178,3.386641499434941,1.324939824228595,0.15888153847571748,setosa
5.549628583609841,2.9072636232314766,3.6045608787002954,1.3183551096290198,versicolor
5.121021636650614,3.8130730170679104,1.8670574823437638,0.4809386686203878,setosa
6.3228869731238095,2.8782687789394177,4.146451049258569,1.300661455422011,versicolor
5.494956860987534,2.2898446641047467,4.177405954786734,1.32094810886808,versicolor
4.961450479098847,2.9783388229446146,1.6032470187086603,0.2066016128508267,setosa
6.423142563414951,2.7960909950296893,4.601241453518663,1.4917903301536894,versicolor
6.077661459549936,2.8961657429877365,4.708010470789486,1.4230776596356858,versicolor
6.544751020626726,3.193618625075809,5.0597574346443155,2.016700081421201,virginica
5.78202266642325,2.7171355057675153,5.1864200189510745,1.9492882200588504,virginica
5.473628365376479,3.881216344550244,1.7012261142173526,0.4004303347658087,setosa
5.573118368405941,2.9677934383111606,4.108176275354172,1.270681056248469,versicolor
4.903560414431702,3.082785361867275,1.4029870179810657,0.10894036552422622,setosa
6.523984188949956,2.847388904726569,4.6244627655553705,1.5185097680569108,versicolor
5.655385398137308,2.9721002127266885,4.339638829859431,1.1647618243100184,versicolor
6.398381175385005,2.798044654131577,5.520379954544584,2.088362820610401,virginica
6.550900219517226,2.982526287810813,5.0770487904929364,2.0359675223424185,virginica
6.374308477423066,2.765699069109125,5.53430856723632,2.0979125860699894,virginica
6.448262678698098,3.1775271976217976,5.29254356975846,2.3257621949700376,virginica
4.442802165462112,3.1743648079212172,1.3292889813993771,0.20941294477110176,setosa
6.0449054626818475,2.2119438838773084,4.790273005611663,1.4700543643834503,virginica
6.691927188033361,3.3103544647734036,5.769638723482551,2.523217323923142,virginica
7.691128308899812,2.959971938756036,6.05981697918076,2.3158877912377163,virginica
4.726136861073102,3.2196937083087316,1.6111923341796992,0.0830921742408464,setosa
7.147082915913784,3.040892044465146,5.751783877885254,1.524288989309809,virginica
4.800552965648821,3.0239547955202903,1.4244335771019987,0.1174977165252688,setosa
7.915029783108756,3.8151213482145274,6.600917239422672,2.0370516957773415,virginica
6.018493263573687,3.024746978378944,4.906103493107271,1.7837215912357671,virginica
6.748232551801813,3.0201131913427446,5.426950114823633,2.2713814059343833,virginica
5.787325659242074,2.6893721232219727,4.021481460746793,0.8945817256005639,versicolor
5.482002004498003,2.408007577677082,3.656487465211142,1.0738503469747964,versicolor
6.753452871541662,3.305667520191683,5.772906496638674,2.110655309570682,virginica
5.4566722095088,3.001212749199935,4.543768275405651,1.5139785456676906,versicolor
5.716767607036573,2.5484408582868596,4.9761453056937075,2.0160059569373674,virginica
5.552076207284926,2.524720366806475,4.001033634333637,1.2090545654844826,versicolor
5.908106427225774,2.2318678210697795,5.0149511579490875,1.5381455983232284,virginica
5.562649616140035,2.7663420795614915,4.923004017998538,1.9987177586919687,virginica
5.503505256946301,2.3599972229922344,4.07362269583749,1.3400468067232325,versicolor
5.034941777702313,3.5320743184724996,1.583231682953972,0.5215943418208167,setosa
5.033608542315908,3.578975003276066,1.3844408157786168,0.17360342449220773,setosa
5.162188977334161,3.816248014924538,1.9574795787746284,0.42371908595818086,setosa
6.008179483296512,2.874305535398351,4.307109856282583,1.5057268013374705,versicolor
5.513414267850692,3.5262165118900537,1.4386248500249041,0.2599080604140497,setosa
5.0854150628243575,3.5104135109123162,1.6233672157390475,0.25647768030485685,setosa
5.44634674368027,3.8915928674229527,1.2220832267947797,0.43010317627081973,setosa
5.990127946703728,2.9975116467121476,4.940528330861855,1.7864654471597003,virginica
4.899006999830789,3.510936216481177,1.2383315784195281,0.30162671621146886,setosa
5.3886677495985555,3.417134359015026,1.3647690953803422,0.38027175203069724,setosa
6.728321431305258,3.286686816735828,5.558069429520393,2.5255107595813935,virginica
4.998137049631475,2.2574894251522024,3.3622813718471956,0.9366619366637756,versicolor
6.212785311075101,2.1807600367026043,4.397677794016496,1.4831375811800216,versicolor
5.873327648424556,3.0127629196257177,4.160647303996591,1.5374021596316731,versicolor
7.011641498728284,3.184877158168508,4.623605899325762,1.3371347751234781,versicolor
7.58531890313592,2.9485714756796435,6.5527386869606765,2.065618310096805,virginica
6.765238262134512,2.963084244018694,5.072842560831735,2.342354262804898,virginica
5.069155243125994,3.4862965591468686,1.4543649158588021,0.11120243964756701,setosa
5.722940427612731,2.693913779719089,4.0367329281784805,1.183373395136665,versicolor
6.146942624643746,2.8456766617522606,3.9491098387379417,1.2993575436713893,versicolor
5.075439110604961,2.966999152675869,1.6906542512020786,0.16114307815188478,setosa
5.489954769242279,2.379230580985849,3.713269744197265,1.1105474295620332,versicolor
4.841218619836067,2.9971873560159867,1.406185454448812,0.12179488120354806,setosa
4.430625715566786,3.017763125296949,1.5296945703719977,0.18564860234878774,setosa
6.281033898809778,2.9166709613773016,5.67226220608483,1.779582124557722,virginica
4.922404605896632,2.4820582090522234,4.463782272423093,1.7034186841397962,virginica
4.941235154522207,2.4868924739683553,4.337462961689516,1.6268664027573423,virginica
5.045630514610232,3.696648082729351,1.3951157790058202,0.3731842501814453,setosa
6.767950284925029,3.1904499148712997,6.016672682400736,2.325258620665844,virginica
5.680911987647169,2.4906076392295966,5.028914128207525,2.0222907451649115,virginica
6.7624216343019175,2.800790892405426,4.620768447373817,1.4080785824277962,versicolor
6.388404232828534,2.839381788598108,5.52225624442484,2.1082970994309287,virginica
5.698516737037127,2.597825575097682,3.4899143816159603,1.004086917707096,versicolor
5.8570428355273405,2.799951215339191,5.171928016322744,2.3732219508392953,virginica
6.331713088297127,3.283480240498121,6.0962191331228865,2.584353716581281,virginica
6.409221450057202,2.9881179346966733,5.908677282088574,2.2211043245501854,virginica
6.010305845992793,3.4218676430596524,4.542738977036301,1.6464660028621503,versicolor
5.863003430092003,2.607778597046039,4.079862908667485,1.1882806337553722,versicolor
7.175097533732096,3.6370022369851354,6.119073797289646,2.530712662481206,virginica
4.775716312797214,3.0002381059873016,1.5266848583939323,0.12118687134545578,setosa
5.929139352374198,2.695333561403817,5.257235778110117,1.591841931416864,versicolor
5.678378483031232,2.914794075518549,3.5938233941125732,1.2858274282525382,versicolor
5.6448129485806,2.68824995404046,4.30130035413787,1.3206891078200012,versicolor
5.006024794070885,3.4962067427305263,1.3922474390009285,0.2669802161213829,setosa
5.432846937017786,2.5133208870979424,4.05568848979491,1.3183250597073073,versicolor
4.386728568502474,2.9170724010458833,1.3959808155429756,0.18141270268178755,setosa
5.787086668435537,2.643806893935089,3.846938638635513,1.219070933018382,versicolor
6.695518781930839,2.490599079459343,5.616056674857987,1.814844910803247,virginica
4.584265167667814,3.0544898035745027,1.5740675541651212,0.25475701895696623,setosa
5.614861983496149,2.9009985273439485,3.717171333140167,1.3641964552406736,versicolor
5.4469334923293555,3.379587732586979,1.517762848523235,0.41677107333334706,setosa
7.219433083201865,3.6492778162758692,6.156455821920243,2.556222551003241,virginica
6.40757327461639,3.0984126475616574,5.533636151310123,1.7688696565112445,virginica
6.852429195574798,2.8297519916554177,4.712563588921701,1.4369369342824427,versicolor
6.496399569485543,3.2073669532425573,5.140600958253093,2.0379424620382167,virginica
7.258385369163561,3.206707982359116,6.055066173807915,1.7682043351305436,virginica
6.989375620430944,3.1101856707018922,5.162901360832613,2.2386347861761515,virginica
6.451252477617091,2.7062197178436005,5.131164397828851,1.9396191056151901,virginica
5.377485593936935,3.4305969508302474,1.4922510467535635,0.4078112053167275,setosa
6.662840823536852,3.278475363603455,5.682664708728061,2.131563290363685,virginica
5.344897281330727,3.6638374843166406,1.5726695012009038,0.1769915311875922,setosa
5.023121910003819,3.7852799215882196,1.5993324053650082,0.23550139279427632,setosa
6.9680685211233175,3.235931442876016,4.639607768616791,1.3739345577026245,versicolor
5.10875514947948,2.488032260888467,2.9863139967766914,1.1516306317506406,versicolor
6.760705644583884,2.4822921561954496,5.796256445950002,1.8034402075736091,virginica
6.797694454703294,3.0001153981006015,5.600590444382956,2.1460729690077067,virginica
6.386369642410347,2.7953615566961947,5.6586045451282025,2.077670357464105,virginica
6.396360380769003,3.1789837145624977,4.415586888261758,1.5552169193873875,versicolor
6.293523633571661,2.335562410186698,4.354686484658335,1.3111118188641326,versicolor
6.356220692628578,2.8588559214411404,4.413504294987613,1.2684505874941607,versicolor
6.699142688062503,3.0872974598512344,4.723657594329437,1.4637294041555313,versicolor
7.718623841788339,2.778140150140777,6.638237872120516,1.9867445529528402,virginica
6.240842316789261,2.2908389980827426,4.410480352041218,1.2847539966695796,versicolor
6.699176005021605,3.2857836682488206,5.760966245134006,2.5547941065394952,virginica
6.380773116336294,2.810518959652586,5.578860729899011,2.213946279666093,virginica
6.4210601869123,2.7615528772142572,5.640051958134706,2.147043660437989,virginica
6.890825185876747,3.1215850794063438,5.339117302353255,2.043314741659667,virginica
6.027276056148417,2.7948018326389894,4.813526538273465,1.1271271962188956,versicolor
6.347024602122375,3.1776258344677806,4.494413857326873,1.4860449653306895,versicolor
5.039513176280655,3.2107373765993468,1.2128476550196208,0.21500487641312988,setosa
6.164311080432521,3.418584076647145,5.301894320485903,2.331876346313312,virginica
5.008730491728934,3.496179751002318,1.6353157488265404,0.49081007591416936,setosa
7.612514489631537,2.997542517568325,6.595533536174929,2.1269598938289436,virginica
5.052791666155953,3.2969344303159347,1.7059598137795984,0.5043856524604372,setosa
6.506703997175618,3.022533225264131,5.404188922892641,1.8067043845221973,virginica
6.6281813487092665,3.1038946889420664,4.348357310885885,1.385854419401465,versicolor
5.362537977712396,3.896324188709245,1.4624374502223292,0.35175181938674677,setosa
5.9460956040802095,3.037449937121247,4.759211919131176,1.7990216637844278,virginica
4.583323454477131,3.1795251806202067,1.3792547698674256,0.2938017506717632,setosa
6.464685554190743,3.0140392223636505,5.126642212012606,1.9322172977602372,virginica
4.442211122901086,2.9251504829478296,1.492283797604297,0.182070864395307,setosa
5.831042772945443,2.7084875227357488,5.065272900379256,1.8382193974445844,virginica
5.204714809554296,3.4233926220738864,1.2943475384066219,0.22437380417441047,setosa
5.531058618387206,2.318904180816267,3.938733567309991,1.2383000032434988,versicolor
6.87791052760836,3.119276027347821,5.352183862246247,2.0735166691096145,virginica
6.7725654037103435,2.517901236886808,5.8679210095300185,1.8369265011968678,virginica
5.7238776329957854,2.794703019914626,4.0855525635315795,1.2836849831196513,versicolor
6.223016596162722,2.7899449383511374,4.841066600688045,1.7614272263443222,virginica
5.8622915526489425,2.6856682100320346,4.144206268472984,1.0406756139275637,versicolor
5.603911370016809,2.700234186127221,4.195020708806394,1.2779943176726167,versicolor
6.48138989983602,3.032077098458064,5.790424787448872,2.1700155568116046,virginica
7.645558984445265,3.0146469596429335,6.649432812198403,2.0901734965418157,virginica
6.923739102030197,3.086047777860378,4.87709658508937,1.5370058355951344,versicolor
6.659345685792009,3.081452429839949,5.609589814905838,2.4658658231663306,virginica
6.820689268568445,3.106034178963124,4.77860405235166,1.4757951744248607,versicolor
6.382589564213392,2.7884274558567768,5.600635814224795,2.1795756982385353,virginica
5.639449428799559,2.916907351379705,4.26641915126656,1.3321738765909998,versicolor
6.912376199859633,3.11465502932395,4.809026300667409,1.500350033144324,versicolor
6.695186176460243,3.139937302311364,4.8697810052911095,1.4364914270205793,versicolor
6.06210662904294,2.9212607180862586,4.78561832274792,1.3620064153989564,versicolor
7.720422917605027,2.597668699010338,6.948903558978281,2.308802002268732,virginica
5.503121790387213,2.3963605379235764,3.89669590571927,1.1221467707510835,versicolor
5.730299494191882,2.7855919499750774,4.407785850214221,1.2783368374037638,versicolor
6.532551249210623,3.0211590566093856,5.186314247469796,2.0546010609859917,virginica
7.756659157607565,3.0052768192771495,6.027491868764936,2.3601132806120706,virginica
5.005223656284708,3.2926374596393493,1.3215017889402618,0.14395960215347406,setosa
6.226202841110396,2.8830160879757645,4.569914968796182,1.2585575639575886,versicolor
6.221121429548481,2.8331550812384854,4.805698165481417,1.8218356474911404,virginica
4.8236710414140695,2.3853117423952925,3.205284524216387,0.9276887701798338,versicolor
6.607139520782563,3.0713351675299236,5.552608215018554,2.3682797642435087,virginica
5.816412622676006,2.8066248916436938,5.178851837932812,2.4287094863750327,virginica
5.799920571896629,2.706579076094041,3.9451262610375797,1.2054053415123913,versicolor
4.9835548422866065,2.9927927404127725,1.5278741633741573,0.21608807063137717,setosa
4.872542414006683,2.4856427206805893,4.393217388420791,1.7373506641993013,virginica
6.803255031459991,3.181294740983493,5.971330907995213,2.2786143735315982,virginica
6.242281979341919,3.388355890033719,5.363926504776786,2.3015713487436464,virginica
5.0473069716792525,3.600434402766737,1.294212662835744,0.22075327889261415,setosa
6.07816629465105,2.1999757247455705,4.802822886409471,1.5136363458604112,virginica
4.880512778215561,3.434165503613676,1.761528656754063,0.16108795302836476,setosa
7.870107038852954,3.804862530384301,6.287698837055189,1.975408833023936,virginica
4.772001150787815,3.419480422895714,1.970640258446009,0.2105628974976768,setosa
4.587097097030202,3.383824406869124,1.4767236831924597,0.34495722130683293,setosa
4.343737856093811,2.983627057795527,0.8583155908948432,0.03257620236329707,setosa
7.283386718803272,2.8837245038060355,6.444917168239183,1.8482760201184534,virginica
6.901012257924706,3.193639104438929,5.6883458961306035,2.3086680864852105,virginica
5.817491548209245,2.6157401029304777,4.103154202844161,1.1553674597754264,versicolor
6.531253778222951,2.993613833183684,5.578027512901737,2.1187932276936485,virginica
7.121994398099628,3.002467142208352,5.916265019145006,2.17444417376318,virginica
4.747455493828306,2.999405252684218,1.426857612650577,0.0719052631144107,setosa
6.833756807498201,3.1305663657682308,5.339867268248934,2.1775142428221788,virginica
6.098655455616749,3.0222879088866343,4.895297566475499,1.7988268757084664,virginica
6.404932124546993,2.9068941212459265,4.230811913617437,1.295228550542341,versicolor
5.6747398897150205,2.949856062931449,4.192083859863495,1.3589630257494367,versicolor
5.1107353656679155,3.4713532027648126,1.3605587994853676,0.20803358977566322,setosa
5.86566580256305,2.7048125234810403,5.222073223039632,1.924448965148589,virginica
5.997555456986449,3.0518193485113647,4.757177851390551,1.7707533209064161,virginica
5.249899811105471,3.750535951861623,1.5722925015103666,0.18725060866479276,setosa
5.428472730248556,3.7426250843500677,1.3634486071620573,0.1898743791460539,setosa
4.980850085424575,3.457211120953758,1.69354314859721,0.5896821981959878,setosa
6.197702360428558,2.792341777234949,4.662845453873796,1.204527991788994,versicolor
5.940875304647069,3.1877138228025337,4.744335923690719,1.8403402673797786,versicolor
5.515341489224334,2.7734338543280166,5.03244056066507,2.015336794331249,virginica
6.068442568331275,2.8963055671010864,4.701167752789175,1.428074140846273,versicolor
6.365181925145742,2.7059176031281167,5.2911924913778225,1.9218210238984734,virginica
5.049094328507414,3.5077424481227775,1.4963006214057504,0.21857604017580867,setosa
6.496030101824331,2.781900664466206,4.59364821066457,1.5480679026504551,versicolor
5.595071826271032,2.980709302599558,4.056573459246015,1.3076640530919967,versicolor
6.720093160525052,3.311335104019599,5.778427003825003,2.1543202351354522,virginica
5.4412318438952,3.879745962816656,1.2202892686165279,0.3971087091912576,setosa
4.552869509741586,3.590424247533562,0.9581379845195558,0.17436360903069023,setosa
6.786925271147175,2.825548479245897,4.817576983420572,1.4943193823912682,versicolor
6.387990317885844,2.9000895997204337,4.322627984215987,1.3166084366391448,versicolor
5.285982715326593,2.681673692755385,3.9757859203364148,1.4079273550081992,versicolor
6.831909477816323,2.8274817182456617,4.724379022483693,1.3996591011376651,versicolor
4.328564628843459,3.172709433998746,1.3924582393730913,0.18220246166669257,setosa
5.409500417776075,2.9886742470773315,4.458463632643253,1.5282112299056396,versicolor
5.551900397786225,2.4803719397037978,3.9135930942226773,1.1369907747459729,versicolor
4.872464245817693,3.1203220660229145,1.4308221662626306,0.16968456398432014,setosa
4.75305813084836,3.128801042756224,1.542084125385704,0.27682153288338185,setosa
4.257933556326571,2.988678018304797,1.1689166035089846,0.14016684472473712,setosa
4.5970721406886526,3.600968178829049,1.0669026788164957,0.20502916926562909,setosa
7.266340187363481,2.9050973334919177,6.407231099788072,1.8616627172699516,virginica
6.832275095455152,3.206228381984614,5.966061125558565,2.274558096331323,virginica
4.565878263231641,3.5729276153820795,1.0294260343592907,0.20707882363242944,setosa
7.228471086512087,3.6118395491621276,6.121406325355412,2.5212393993710767,virginica
7.617095068945859,2.9842573958883856,6.632615834228751,2.1255055068234414,virginica
4.872272974643878,3.001123705163463,1.344985149903824,0.17990953794881512,setosa
5.052407267058707,3.523103751473081,1.347412963338618,0.37525512627324187,setosa
4.492164602440307,2.3657277468296805,1.2799271226696667,0.3097376773801622,setosa
7.715415509243316,3.818115893961039,6.689950179496492,2.267796141816045,virginica
6.709901571106755,3.005864046236199,4.919807295305524,1.7159691032067492,versicolor
4.774816864122268,3.383166255685428,1.8357056932261684,0.18994622531660346,setosa
6.439675986204673,2.984862757349448,5.795450632550767,2.22085974090375,virginica
6.428014079601153,3.1860196119709396,5.330034003514586,2.2665712904797664,virginica
5.4743447317163465,2.580104330458534,4.295159121905157,1.2406081451420976,versicolor
6.040437175562393,3.400852296089517,4.56853076831269,1.5327926535801581,versicolor
6.435734676958693,2.8038399075359806,5.655324249202564,2.2145009431382774,virginica
6.237976200181755,2.4845628682080667,5.049837579333092,1.9263325338123318,virginica
4.343362666753559,3.178730044769238,1.23619540936439,0.18636594025966566,setosa
6.3411223550114135,2.782182844530052,5.60760940149673,2.0549508374012957,virginica
5.595205351794571,2.9229491239677747,3.4851556624513753,1.292122435094521,versicolor
6.282682305676795,2.2875630042721444,4.502644788664567,1.2883159297150868,versicolor
4.945729745944639,2.4092998476682,3.2697538946767217,1.0183040490558841,versicolor
5.242267924235332,3.488112024706045,1.5036352412827703,0.19765268241633469,setosa
5.029154061258523,1.9777744066581076,3.5897187535266823,1.017794190582301,versicolor
6.750026075973762,2.5484345025443744,5.88838281566374,1.8544509376676177,virginica
6.103534657470188,2.7639790459250557,4.537309810955422,1.2097334300896343,versicolor
6.062133518123253,2.898639669738717,4.7543075626062326,1.3445656236550751,versicolor
5.481414982351925,3.532733566954674,1.2051369612300007,0.23318837963497063,setosa
4.8225976662696715,3.02378974824122,1.4653966343303333,0.1346917458174992,setosa
6.052320220089326,2.8241438256818143,3.9247745428292813,1.309903604315796,versicolor
6.320085677945892,2.30730512489576,4.325558222166575,1.2484917092217303,versicolor
4.836118119683127,3.1040288407833296,1.70139919842031,0.1982930790383366,setosa
5.040000963203678,3.49197047052776,1.3301718941983962,0.27529421911701835,setosa
6.368079527521029,3.380996323934699,5.570231602577779,2.4041000315822636,virginica
6.01368460131293,2.934945760672749,4.456730927422906,1.5150778743425006,versicolor
4.686164284287886,3.3991560260061946,1.8723830899201632,0.16876773813320653,setosa
4.986492432889026,3.5961523385600684,1.3667236594730832,0.126858068879991,setosa
5.6531320185821015,2.820836233413448,3.913857999677674,1.270758910470527,versicolor
4.872191710415283,3.0166631110205384,1.3508458472335971,0.3497776820324805,setosa
5.3693401965905645,3.9218769967247873,1.580118461954247,0.4409534121472225,setosa
4.857416523779748,2.395292388231074,3.3244675867026627,0.9811213710402336,versicolor
6.522935506739466,2.7873608584242158,4.654729885991357,1.5168743258430164,versicolor
6.2817253128820605,3.403285361349156,5.648543947018191,2.478674208531841,virginica
7.338895111561087,2.92115918450934,6.572471699194153,1.8196879626908493,virginica
5.229148551831579,3.478125904587988,1.4608385444126262,0.18068557435024538,setosa
5.826813359927027,2.6962239450318446,3.9121942117211304,1.2414951337239253,versicolor
5.493304215759947,2.2854746968676527,4.100155095939235,1.3295301683809457,versicolor
5.033495656796805,3.4932109116754355,1.4146019430500103,0.3297186132288371,setosa
5.411754647155153,3.912688000016798,1.7056582141893228,0.37428714229258797,setosa
6.489182790366598,3.0004117235246586,5.796940561155928,2.1280502391856957,virginica
7.4023270998762,2.793899978606083,6.0782249527534615,1.918620792824342,virginica
5.055327604993337,2.464704507868664,2.9692841055718633,1.1291571058223522,versicolor
5.032382695126466,2.9681684593070816,1.5795003248957846,0.20979266423060583,setosa
7.70735285942771,3.8116919693123874,6.619097005638446,2.2024781007431784,virginica
5.134185507464298,3.682532259319777,1.469549908767494,0.2968276246925691,setosa
5.474269419741119,2.3886308342807077,3.610051213696119,1.006319434570311,versicolor
4.906461075606023,3.0046721514771226,1.5181022973650704,0.21853293731658718,setosa
6.046927120032486,3.000650533220534,4.87501904201655,1.811565772966481,virginica
6.4894353594795655,2.9666940531963606,5.669679205237663,2.1777200205246476,virginica
5.999657185428716,2.186813357509837,5.055156834855609,1.489345477809801,virginica
4.588485893973025,3.1048965770096024,1.5286616616012274,0.27167526057836294,setosa
5.672304941642757,2.598407003516395,3.5375930896599423,0.9991062258541739,versicolor
6.835855630437136,3.0889252520573707,5.0052768769024345,2.2341160782303975,virginica
4.967056265123197,2.9772993493200617,1.6515022450704133,0.2229364846235707,setosa
6.389225674275031,3.159713827628875,4.456388824874973,1.5152243661632607,versicolor
5.734155156203749,2.784541342082262,4.5927957097370395,1.2421641714493903,versicolor
5.829382347662615,2.7362294329150796,4.143531073790448,0.998460613718536,versicolor
4.20911213474087,2.9561539230734186,1.1114166414717819,0.08633703137573397,setosa
5.502713265523217,2.4024960153005366,3.8833173321689705,1.1052124749811,versicolor
5.050859588410823,3.500173308286861,1.5898250290013425,0.6406120638728822,setosa
5.716527430251163,2.9081354753914606,3.633597145511098,1.3200366316480527,versicolor
6.377719656640694,3.41718133527068,5.45840032277395,2.4535536749897164,virginica
4.8044365743129624,3.3722661377438667,1.9464220792898945,0.17514483568335942,setosa
5.40414735421371,3.3938408143705954,1.8698265948026127,0.27563916204516203,setosa
6.702648888786505,2.491903862708632,5.897573004266159,1.787449063389812,virginica
6.68255524372057,3.1212156149412373,4.352510704209074,1.398559341995366,versicolor
4.629155808622277,3.142077443197009,1.5636272387577819,0.2557793868461537,setosa
6.264968574011092,3.3051234432162087,4.616793468508101,1.5913089138650123,versicolor
6.404215710042039,2.769374344430163,5.483986789667881,2.1472974954816526,virginica
5.120347762161798,3.3447446464956103,1.8201974573523139,0.4276529264582936,setosa
4.738770073377709,3.1664983367135227,1.573251243805673,0.24180298480535184,setosa
6.322789767305451,3.27161919161261,4.753880296550624,1.5184371729854576,versicolor
6.847115172792165,3.200398781361685,5.8559832199283095,2.3339357073328886,virginica
6.640357948062906,3.028401287924288,4.477135381739073,1.4412631394898832,versicolor
5.010993764017053,3.5019405296556654,1.2790687053396204,0.25373840571269785,setosa
4.9604469448939446,2.293886006245557,3.321301156042205,1.0549785805472425,versicolor
5.041547236335233,3.023399256439655,1.579581527201267,0.222692211139575,setosa
6.3899171338717435,3.2286635301260085,4.556094748496351,1.4545734767394616,versicolor
6.068237292815736,2.1960709627189137,5.039497877070964,1.52082966493439,virginica
4.557080384485778,3.411072003077321,1.2770344397851419,0.2761274121466392,setosa
6.21477088999737,3.393399007731254,5.439387247129888,2.297706997781636,virginica
5.7005207915869125,2.5142396388391566,4.935830875278325,2.001539158059033,virginica
6.534350777654306,2.980044781011487,4.538348773895011,1.4146802865054235,versicolor
5.345199068011088,3.366605555257515,1.69010478621317,0.25957181362961645,setosa
4.954114102972803,2.4076297590110136,3.341574196536757,0.9490315272707049,versicolor
4.7388165487851905,3.1927387686972613,1.6761428974728894,0.16893287163384588,setosa
5.0145740861551955,2.996660601508623,1.6356893899737375,0.18983481052545753,setosa
6.473126780173642,3.0348064230882983,5.59253969284878,1.7709668948417507,virginica
4.3692506398228295,3.174316373887495,1.3912037244371898,0.13497490328794,setosa
5.838374899377436,2.6945210521457015,4.081337142687659,1.0156353022340268,versicolor
7.665786660259118,2.615560087053649,6.910001664615634,2.2520714146328964,virginica
6.292966634706994,2.8299457361775144,5.247910904900523,1.5273726090483297,virginica
4.820312747903793,3.018446422383691,1.4640226992344965,0.3299523148578164,setosa
6.415040292573491,2.6984301210905324,5.246329198369586,1.8275785061000014,virginica
6.8077032028921165,2.8120880856800903,4.682000529748782,1.424612570751355,versicolor
5.685064960062927,2.901700776521546,3.5945598225794555,1.3117909233628835,versicolor
7.0576175980777975,3.0044054685174473,5.829453405756583,2.079127373576304,virginica
7.197946797288349,3.229209584656484,6.158885229599865,1.8171002245740362,virginica
5.703207631067864,2.690730740454906,4.149613806506779,1.2322716574811274,versicolor
5.157802807002351,3.5209912890426844,1.6133012729698741,0.24697851639552879,setosa
6.002903842356358,3.4174760234196175,4.354631418235235,1.6560191206331387,versicolor
4.6325643940432535,3.59915644151309,1.0569124999639785,0.17079020191440442,setosa
5.08081186066315,3.7598333869334444,1.9760252142119867,0.4454688733202777,setosa
6.770962033276256,3.2075489423456416,5.876573748212018,2.3125262900191417,virginica
5.063423277582014,3.822808684285345,1.4943652717686022,0.3771597083366624,setosa
5.901917385661694,2.97992289149133,4.308241976822885,1.5240700960567344,versicolor
5.049294804705899,2.2858475620255074,3.288773583155993,0.9934578109718646,versicolor
4.946558825648772,1.9942854405180142,3.6178967602141303,1.009056356166259,versicolor
5.935583104131363,2.23609187143826,4.992031964699798,1.475296097361603,virginica
4.688655835007196,3.167972388079839,1.425546907066666,0.18500187143120758,setosa
4.80213855175929,3.4309918466041607,1.6226458507900519,0.2325576835919274,setosa
6.529772829716509,3.013512773032486,5.830695134817329,2.191114873739183,virginica
6.3624498101215865,3.100093388460769,5.501313247109257,1.8153563491906144,virginica
5.782218412452086,2.7068236103812953,3.8851045347455178,1.139635797172829,versicolor
4.654432956304553,3.1623990099847306,1.3120751040985512,0.2186166706579569,setosa
5.921807040416954,3.21229609960675,4.6295050234038415,1.7480662655915369,versicolor
6.156642094842925,2.213242859812374,4.439397661654967,1.5030401553396386,versicolor
7.573781182234879,3.0121740525119414,6.612066352275726,2.0828941421924383,virginica
5.7110867371445,2.773708601372658,4.137712813993024,1.4002215085623333,versicolor
6.255901504323011,3.4155735778668173,5.39244763678843,2.2260210053600766,virginica
5.253111865667532,3.3828783128147104,1.3383112659652445,0.19367910300569427,setosa
5.656027773335178,2.8734040027670718,4.195547125765315,1.2659809860062172,versicolor
4.96765610858837,3.2113246208600277,1.1795216345847237,0.1931860442267574,setosa
4.9247155338898425,3.0969206216941045,1.4754521684502748,0.1179514621145178,setosa
4.793910670836688,3.001747553648031,1.331029667726967,0.06715802452046118,setosa
6.3318452496898745,3.409646217360255,5.640166893095729,2.410716850654164,virginica
5.628833754895568,2.9202728919642205,3.6803894649795375,1.29615451254598,versicolor
5.557426084969453,2.504952962598453,4.055788873362738,1.3107639201997188,versicolor
5.969537434914071,3.41520508668877,4.751014776557538,1.585698555636869,versicolor
6.302939415955441,3.2903263967839584,4.656946386017052,1.6589331604620263,versicolor
6.48037150090348,2.9655836071150916,5.1331627201411205,1.9348108135286042,virginica
4.926158803545732,3.060696639446257,1.3676512224459778,0.1363997889811705,setosa
4.969902903196412,3.3281694718786956,1.3751191094529864,0.17589115350506784,setosa
5.692631968793464,2.916428384641219,4.179936719758815,1.2810459603697413,versicolor
4.594004059590288,3.0724265413561964,1.5350265333226931,0.13182202037123503,setosa
4.781611903346582,3.1164632553340796,1.626735228931898,0.22252547431607797,setosa
6.2484313595402785,2.8200472155720275,4.83935901490363,1.8353933261688045,virginica
5.031070016351918,2.2904725560280776,3.1814398658930094,1.01604019358705,versicolor
5.745149145968521,2.779700821076649,4.42003372648662,1.3175488914171927,versicolor
7.697053451355029,2.5591172246535594,6.933092425190935,2.2293151777126696,virginica
5.0559640780342034,2.039562858052268,3.392753553991153,0.9874310654999074,versicolor
6.001764713382522,2.2386164931522248,4.956518598204912,1.4818030417638322,virginica
5.284482489875025,3.715657127633195,1.36968493945834,0.1934660946007515,setosa
5.331287203604138,3.8771184958279066,1.774035200374113,0.3980957082361697,setosa
6.868999289902263,3.0952162390937534,5.426564511037449,2.137506153057657,virginica
6.291310247496302,3.081967654321386,5.5140356329227975,1.7962275775547683,virginica
6.411077052440546,3.193390551444446,5.253520473134156,2.2906321450502394,virginica
4.647561731483095,3.384130276221005,1.3944591267587256,0.30699597900100545,setosa
6.387566245170125,3.220786655587127,5.408686480804071,2.2975672623921573,virginica
6.391275537545223,2.892866209983353,4.27743102190231,1.332596116279412,versicolor
6.109741771921266,2.9756054743444165,4.814647037568897,1.8817897234296557,virginica
5.6926374270102675,2.883203163505725,4.326253029537121,1.3107532610515489,versicolor
5.394284394644648,3.8930912580370847,1.6850389170710074,0.3472374256188418,setosa
4.396359514526927,3.206417912909036,1.463249755808241,0.20328155551174798,setosa
4.296108692329385,3.0593916704034463,1.1764317138082383,0.06905806961030128,setosa
6.22447376413135,2.883913360000672,4.18056571839133,1.2867069089184218,versicolor
5.122486572106377,3.475086553438673,1.5009118139365327,0.1844249128134941,setosa
5.416346492028999,3.87366633615436,1.362999844005805,0.35483007647462117,setosa
4.828961934045446,2.376313734175365,3.3368208783780613,1.063503874128807,versicolor
5.013043823353155,3.0122025996148114,1.6015471233707321,0.16083464972384262,setosa
6.6498229305358185,2.972277931604492,5.035442699847076,1.657141732906385,versicolor
5.813230592451361,2.6717768530117545,3.926147212641056,1.1813528324106977,versicolor
4.813403032620771,3.1267914216240476,1.5333360751634757,0.20214231965911508,setosa
4.959379747788493,1.9910331559798224,3.476876897861683,0.9723026750965374,versicolor
6.041475709148665,2.949274926350445,4.506808036462506,1.4239439353798418,versicolor
5.733816875500873,2.6703394858309975,4.057994900457334,1.1757125601254075,versicolor
4.326594053621823,3.014363378050098,0.9656998842965612,0.0911832161655373,setosa
5.9330000405370855,3.4530354753703603,4.359298475844706,1.5600164740691669,versicolor
6.038033307707129,3.029323851242678,5.113710827147111,1.7818463474620931,virginica
5.54533011587501,2.45150409144057,3.8784644796175614,1.0879281164505807,versicolor
6.70916566746951,3.3085672413363953,5.728502734882517,2.487937295411922,virginica
5.954389213854427,2.9144350721762824,4.501103976632686,1.5338979793774168,versicolor
5.641134349428918,2.768906470480854,4.03334542638744,1.2596949853787975,versicolor
5.731269920689047,3.0076162938517426,4.296971134195974,1.2151291586824962,versicolor
4.949672779691467,3.1101835551200203,1.5060079365253967,0.15649118177139013,setosa
4.6047688693964695,3.393401982249553,1.326086376695088,0.3268260715379835,setosa
6.397905514318528,3.2283552387106327,5.126203262498822,2.2978840080675886,virginica
6.698339938069103,3.084238968786593,5.81030665468719,2.3974742190671057,virginica
5.501074917337251,2.3565795678128594,3.732963675802733,1.1375185072175935,versicolor
6.373959582761558,3.1820302222290207,5.41552768867585,2.3511414771349104,virginica
4.78115663757135,3.094808335421486,1.529057069354666,0.16204141043290202,setosa
5.65675770412651,2.7866007562552806,4.0087158577541295,1.2403320820965604,versicolor
6.809713032715557,2.8368727032430248,4.741038506771869,1.4112986172797475,versicolor
5.6129473347345025,2.494496873874296,3.9656658691623137,1.1295812240612566,versicolor
5.189415670964183,3.4922488489395027,1.3793353545746574,0.16924775951601143,setosa
6.1742468319054815,2.775632611883944,4.838810541502506,1.8456609706018012,virginica
6.311735412610277,3.377580764629183,5.573099454754938,2.373658378316833,virginica
6.324920469959413,3.3852840654601057,5.689249714600067,2.3906237776060326,virginica
6.348109018211779,3.1054894017637653,5.578977081460246,1.8104294026430643,virginica
5.692695033460101,2.5309973852924093,3.872869586611551,1.0878646973867292,versicolor
6.465303235104686,3.0252847987560356,5.531900767230311,1.8097859686313293,virginica
4.428442153188559,3.037350461843679,1.3150818557149884,0.19568660133618282,setosa
5.440059786329658,3.3930412483573837,1.7004575537960505,0.20745535223610218,setosa
6.714980252204566,3.0705893010919016,4.263920433026644,1.366138938631534,versicolor
6.373343557082531,3.2137603461885633,5.285096897352766,2.307494032621281,virginica
5.349309790788811,3.389991728346439,1.7518084705078008,0.22270221796294734,setosa
6.006693357316449,3.047670396041043,4.798447492713624,1.7735493468022296,virginica
6.392805662552635,2.701998373473073,5.286663771112924,1.8988035661687956,virginica
5.2601439154911045,3.696762454535994,1.4854198909464178,0.17839532865273905,setosa
6.692671052258911,2.5013227847108093,5.8784649632236095,1.796214274927973,virginica
6.277575956773998,3.3124028725653463,6.0331473104750994,2.5330378773161955,virginica
7.729539622130085,2.6127636208488765,6.891317515724272,2.309346400109144,virginica
6.2730019568080895,2.486376298097065,5.016006063168205,1.9158462578218138,virginica
6.265879266105653,3.298379168890057,4.691707332165013,1.5154692591950465,versicolor
4.593486521564564,3.196524894592022,1.5249134029483014,0.1536075234375673,setosa
5.965857899020972,2.1433683380842283,3.957573040695349,0.9849030185892023,versicolor
5.245861504277757,4.118657943097196,1.5068685997063913,0.08585813335882526,setosa
5.742487645252007,2.799571655218524,4.427811381714857,1.2345113193173902,versicolor
6.531244740903767,3.049354711269089,5.805435327644852,2.170795535870798,virginica
6.55093852240938,3.0119662251583303,4.244323770189883,1.4210000887889789,versicolor
7.218063411877742,2.995237797431157,5.849839641258959,1.6065226727047703,virginica
4.7677831001591615,3.040116412832814,1.368974486066953,0.12960118504937435,setosa
4.652850115069044,3.231842380220862,1.4026319671605374,0.22132160586557073,setosa
6.323124375192531,2.6860646350383357,4.9482676883964265,1.7691442485425082,virginica
5.746659172252551,4.42113030151065,1.4376828319956432,0.37200816667997777,setosa
4.873270166058361,3.1158834174149144,1.4117803216548324,0.11361145410903711,setosa
6.596346346583206,2.921897893653704,4.5731534461476535,1.2918396900464304,versicolor
6.059538774865284,2.822052115578729,3.932376783551977,1.3133466059916739,versicolor
7.656411300266423,3.786794817090269,6.821998400837429,2.2076948559903253,virginica
6.058217839213841,3.0066194304246174,4.887109670950652,1.9317996307102896,virginica
5.38424087283388,3.930785801356398,1.5375819096278927,0.4035990720250569,setosa
5.782575934055964,2.7974808325658627,3.9470864121449165,1.2848925476313862,versicolor
5.715570524723777,2.4818138381431982,4.939547179919396,1.9786429362969573,virginica
4.814954786664119,3.429011711536453,1.992845832710527,0.2174005297561511,setosa
4.545019203246077,3.6115607521460333,0.8813011660175805,0.19139280524490174,setosa
6.012592834114806,2.9753372857485485,4.7096385310934625,1.7964085249277375,virginica
4.943950386899617,3.013160745800469,1.406498060013419,0.1715266729211063,setosa
5.755660909526331,2.78892433003476,5.136164935850239,2.41284489988119,virginica
5.767470373268068,2.82611338111846,5.106988432395656,2.345929721343981,virginica
5.597538786202711,2.3993725514753677,3.733906334294684,1.0152450804575626,versicolor
6.2698760439237775,3.3459973102042007,6.088503846088476,2.5313635102014804,virginica
6.123860277979079,2.7782483643524216,4.812705017870604,1.1678277127679775,versicolor
5.332123837436798,3.8557547606033045,1.328079974872616,0.36912636015689637,setosa
5.717641885566836,2.7117202602573096,4.287035690219507,1.0530228918787987,versicolor
5.700366224943366,2.8192452191551056,4.598995279599865,1.2868913513010125,versicolor
5.501415070436159,3.506517243506217,1.3488635344813995,0.19492206419058863,setosa
4.802112398327785,3.4299143724407557,2.0067051512872616,0.21821705036596548,setosa
5.4711767995592755,3.8916219657924302,1.8431803746901012,0.4207013244136376,setosa
4.950627305410283,3.4850551910037018,1.6369467719954354,0.6151576717250139,setosa
5.580742201882225,2.4855098269731415,4.079832835638822,1.344357306442645,versicolor
4.960211574007092,2.0305198104864117,3.6084523005784663,1.0228789683417783,versicolor
6.508460669905418,2.804901957345433,4.5930538480195855,1.5244511029163559,versicolor
7.564868260458361,2.9772668313930426,6.533654593875575,2.108476130348986,virginica
6.098883939244835,2.8046685921878574,4.744182245970452,1.1760626648446408,versicolor
4.588915886601452,3.190603426250394,1.4425566063726658,0.1299223755907139,setosa
4.367269259959242,3.021269379227247,1.1467228635144981,0.24264443765186147,setosa
5.484703327447376,2.406326417796945,3.7987270052108,0.9821882408517387,versicolor
6.7359287757618045,2.4854496850176884,5.757865438051345,1.7694988895508612,virginica
7.2479437474838075,3.1960084839992895,5.88784910117017,1.7586860329229517,virginica
6.7163377207478305,3.3399799193168684,5.734734821431801,2.4852367870721745,virginica
5.490083964608685,2.291798884083924,3.9154437591111044,1.3537436432311372,versicolor
4.294868396581432,2.917297360525453,1.3590879481050266,0.18434220315176608,setosa
5.070432611580665,3.2852562941740198,1.6884964871103123,0.5157916038953712,setosa
5.181705709661606,2.6658791860416544,3.8236272226068344,1.448893184813293,versicolor
5.618676505019834,2.694332462585017,4.141818439898021,1.3640127572810796,versicolor
5.892208234880738,2.9903878671203854,4.2967027987186075,1.472436146637574,versicolor
4.400424246597924,3.0000058557798055,1.3229031781745881,0.27981398668278923,setosa
6.413921789169818,2.7484444664819487,5.628786425939975,2.1014454262345152,virginica
6.115340921548517,2.8053320677124503,4.697469972180866,1.1979924258020707,versicolor
6.225382057253207,2.1882478425018896,4.416394143884426,1.6153815648062275,versicolor
5.604146247688262,2.467574511174496,3.9102749624898103,1.0643899448280876,versicolor
5.681680157173961,4.422656704704199,1.5416411660429563,0.4216893917182171,setosa
4.576053533539078,2.2741603521878355,1.4348511956939478,0.33898010872211876,setosa
7.723903484402224,2.7814641731348444,6.7133734108828484,1.9820305633484732,virginica
7.389654462296497,2.755803504063352,6.198964943138801,1.8969051101125272,virginica
7.179927660517103,3.1878522649671854,6.031623669813448,1.7658960124983683,virginica
4.7168565199863535,3.2112540053462566,1.2823882766033228,0.15619827951847323,setosa
6.403682225449191,3.068249354814673,5.4093766679602275,1.7713548402992096,virginica
6.884986707715467,3.090290383580177,5.572444969445973,2.1134492770388134,virginica
4.414035493584732,2.8919849929985557,1.3473874825870342,0.11657102197885079,setosa
5.818561504109029,2.7961157322276553,5.08789372025587,2.428089820059298,virginica
4.83562986248283,2.3872115405129763,3.19975420127311,1.0675973168976256,versicolor
5.9088012416764855,2.167182078496528,3.988324329571786,0.9819726088672753,versicolor
5.74516619764975,2.7421618921598614,5.127572590314049,1.918118058856393,virginica
4.929904537819611,3.0917523259491198,1.4750031759228204,0.12331463544204566,setosa
5.132554114690758,3.5346231097559144,1.5160905627418932,0.2488783166225133,setosa
6.7617779115130885,2.7748103336771934,4.822081516235818,1.4025177932815898,versicolor
5.680771815153104,2.7780152683318655,4.388259583892577,1.2981499495278133,versicolor
6.1716136036261675,2.9335404600177446,4.292737144615516,1.3484623453723792,versicolor
5.0779215964925095,3.8053066802105735,1.495105849204986,0.2352220649570127,setosa
5.794404193797121,2.716182134696497,5.03365525828491,1.8937098619744184,virginica
5.66410944613949,4.426796095548925,1.527472850580299,0.41400604208328484,setosa
5.147876353017203,3.5165924084956095,1.274573761864127,0.17345425035819298,setosa
5.158435711914509,3.415772723544023,1.4150550885364146,0.1469407749903117,setosa
5.438138809169869,2.498847582458048,3.8539613475668753,1.32017901910416,versicolor
4.415648902413019,3.2413637806543623,1.3748002472760603,0.18386242214253198,setosa
5.642132094094561,2.479133867710097,5.029390174317396,1.917645429330085,virginica
5.198461420635359,3.4778809820222905,1.5089374118398824,0.15887569608173435,setosa
4.700800219244003,3.2303595347692613,1.6005941274743885,0.17067009934312963,setosa
4.88977810926563,2.970857337256378,1.4358298432752814,0.22250752757351935,setosa
4.974253933951147,2.994194289812039,1.5492059951259816,0.20809384247401078,setosa
5.0158032501486165,3.4988428485542977,1.395836781522707,0.27645727321501434,setosa
5.522295591629448,2.4997391947582837,3.972215968002846,1.3925968783307476,versicolor
5.566173140502779,2.906459106534978,3.533814907651359,1.3681357827457123,versicolor
6.571914072120688,3.0111129136592254,4.422734179637734,1.3802866131735168,versicolor
5.831390505386575,2.608440030148275,4.019029160766891,1.198400426103821,versicolor
4.409497407632898,3.201281126651954,1.243448921415857,0.2646307950284075,setosa
5.656509141238033,2.8092710315919343,4.471748034749134,1.367140869960531,versicolor
6.069557669889487,2.7789746202356693,4.728536417051908,1.1476070820125384,versicolor
5.680187338110943,4.353337321162002,1.5212102173308089,0.3809127828690895,setosa
4.844947818740854,3.3716501535851835,1.6703071860118945,0.17324965824014493,setosa
4.966310350478702,2.5162500424878416,4.411068987617023,1.665005929962714,virginica
7.689136677861838,2.9963287026141865,6.212238211338375,2.271431502204791,virginica
6.803779864021691,2.820696059039793,4.871381170932402,1.3939094939135035,versicolor
4.328007290634113,2.9771009089887794,1.3280859760124335,0.19473868632097538,setosa
6.8031022287914515,3.022530722659997,5.3952531430644655,2.0909878232686503,virginica
5.670845450350777,2.8310340166722034,4.180156455303267,1.3110709182546594,versicolor
5.174287128110173,3.7675043766716714,1.5993183795923422,0.2139786996462078,setosa
6.412450576313483,2.77600960628203,5.660921671675528,2.24036489831211,virginica
6.211275503249569,2.7598318703641787,4.714708488468855,1.821548225244902,virginica
6.588459384180258,3.026944209221667,5.01205597650768,1.6687457185956678,versicolor
5.7411944514593465,2.5853111252341656,3.439264051276987,1.0136740337469168,versicolor
4.467221877394926,2.907798442982819,1.4407921349184292,0.23020204560326396,setosa
5.0479567197502755,3.4139649527331253,1.4352392891531192,0.21215249788359644,setosa
5.220751681937187,3.502560449528948,1.2288941319515734,0.20682615656945294,setosa
5.826587255439,2.7096675997557345,3.8909497630854726,1.2626616667403159,versicolor
6.2443341902500356,2.5067504808749095,4.938611985406431,1.5398557604282075,versicolor
5.815012549064532,3.980531230530868,0.9848873838196821,0.18179400292674533,setosa
4.885380644401984,2.5173693192303883,4.513120951530799,1.7491500728770488,virginica
4.887777052221011,3.1101377564354182,1.5446296969007527,0.15729817994282969,setosa
6.481020381752888,2.818395587819782,4.736380565802688,1.5091606576824586,versicolor
6.787881079796225,3.2164141108842528,5.976637836952297,2.2862760163273443,virginica
6.748877731957889,3.140984613267363,5.665513367701628,2.4016842536558585,virginica
5.597761108917928,3.012084198818601,4.089795223734766,1.3072363091945223,versicolor
5.0537024565232125,3.275281119420315,1.3618786593077592,0.2037239672668337,setosa
5.982433439824206,3.1908363531129225,4.741243404891858,1.7789819076413087,versicolor
5.683559535727864,2.578260925107288,4.240957078561308,1.2225469000731803,versicolor
4.954208566269944,2.999091230069262,1.6059509106894578,0.23228647851185646,setosa
5.016087324311808,3.388297543123687,1.6694373930932405,0.3733560476983763,setosa
4.957216411040101,3.4618456762301935,1.4619227750448196,0.5657934124879037,setosa
4.412969027918221,3.173997309564265,1.0226625491595862,0.16016637579170312,setosa
5.180463450428117,2.686874027312079,4.0340540186397265,1.376588420269393,versicolor
4.899214057609166,3.0990828455802313,1.4263018979965452,0.09775696940102399,setosa
6.66832249063346,3.103686078772702,4.379157816199627,1.3639548522937082,versicolor
6.717672607177778,3.2902861273671267,5.712835545157509,2.496801497115966,virginica
5.8640788665955865,3.001528338193803,5.045213708939373,1.7639431796574974,virginica
6.685152469864544,2.512291762635238,5.738716442599375,1.8961852957559517,virginica
4.9366703144912885,2.5282775062829925,4.570157150466364,1.7707016904272816,virginica
6.393977005414476,2.99032812370326,5.549246612674637,1.8057815902269727,virginica
7.411405476916403,2.828636953148952,6.133705509298953,1.9304849491187377,virginica
6.654647079457975,3.034993530745695,5.208901636450901,2.2762187977055817,virginica
4.974272213389083,2.2859271953541995,3.2374549113178674,0.9510375985626593,versicolor
5.191926174002849,3.4871455357784806,1.5976747225687953,0.21118322980411902,setosa
5.010985029201312,3.5838893609313627,1.3893227495901668,0.21377509350010962,setosa
5.096112567938308,3.423395096598531,1.500704824988924,0.23025348975116638,setosa
5.079718498917608,2.460703599770729,3.02367490391688,1.1276769425002224,versicolor
5.7174799237010205,2.792442733727346,4.428828022011473,1.3210528677510387,versicolor
5.117656333035873,3.787839867248095,1.6978745346899724,0.16631158495478793,setosa
4.867753414465455,3.018830609357668,1.368416053507647,0.3109658837761043,setosa
6.1064089107281925,2.7404758723474347,3.9200299426697196,1.2980597928986952,versicolor
4.910230863203626,2.5244868552839206,4.471633784790562,1.659641969066371,virginica
6.013449932751522,2.1929188990303428,3.98623191861703,0.9888664876041162,versicolor
5.007227434932596,3.7915810314346308,1.5996745503908125,0.17019313581077156,setosa
6.237255764633247,2.817631195158222,4.795787038799589,1.7896716208056478,virginica
6.695661486072505,3.0983008950420223,5.5834145273175535,2.40963297030831,virginica
6.731185469903411,3.2733283099252835,5.6073093580843185,2.033279984187103,virginica
5.210364212006745,3.510954056031227,1.3738882058972854,0.26811011666773654,setosa
6.074791559298813,2.903646654055076,4.775374687089745,1.3623387898761476,versicolor
5.207418303881834,4.161949203519603,1.5265655322620493,0.1612955883577378,setosa
5.0499188546472995,3.3079783529174103,1.3127321390602196,0.24043811758260947,setosa
6.1662815232519685,2.9043360581942834,4.466194572785439,1.3870069557980922,versicolor
5.227075601998561,3.4948613898496466,1.5630785426650795,0.16756474628525223,setosa
6.697041924086828,3.100684334688563,4.669265176849692,1.5468310210877165,versicolor
5.064798603544519,3.806789341292679,1.5059963802532332,0.24059877496751475,setosa
6.400493155455265,2.8429518524550703,5.651103774238808,2.134153162346891,virginica
4.871215509589764,3.315892393392515,1.3915119483023377,0.24354846918847317,setosa
6.814499955353558,2.8183447999997253,4.760524300978117,1.3837414110097217,versicolor
6.40104596473647,2.811765068838968,5.598735439486974,2.1371657883769215,virginica
5.54500004628939,3.0428602636658506,4.446658594432623,1.4783093658887996,versicolor
5.997275524935584,2.2014564673488484,3.9658863742566077,0.9993347567136829,versicolor
6.507238098161091,2.9488903424337716,5.965932828174452,2.194379767069955,virginica
6.124039696215091,2.9701231548915135,4.5584478760624485,1.3743457462400834,versicolor
5.075745379743533,3.5164349584947368,1.342619243587441,0.2827289497152924,setosa
6.089833411273897,2.8278333971831615,4.533275268885309,1.1497968612663998,versicolor
5.154973816526071,3.4824047417350927,1.357568815382639,0.1719863630587774,setosa
5.916584159039627,2.8779302940171747,4.605902313306441,1.5154001285528669,versicolor
5.458481652184136,2.2666981149994605,3.899502487940732,1.2983511978228637,versicolor
5.135945389219427,3.4195630689414225,1.5556332664719965,0.17185627782856808,setosa
7.186695356769873,2.9956382631522187,5.979717502972515,1.5327655296125633,virginica
4.990283603885654,2.0262703716479793,3.3706775556364237,0.9754358618732901,versicolor
6.290755067222075,2.2654001027208506,4.452516744028669,1.3254242148354285,versicolor
6.321048419347354,2.2811305463033995,4.407632070290567,1.2656791259827438,versicolor
6.5891606924088455,3.0020746485674694,5.695235193004612,2.2068812426167974,virginica
5.6440311790844255,2.4740057957270682,4.908151053962361,1.9830460234458824,virginica
4.823947597813059,3.011338389959852,1.3030517528242438,0.07934450675062088,setosa
5.511261745169123,4.186378201431022,1.375442228425166,0.2168413813573635,setosa
7.709359614432,2.6345298999037374,6.884838441285944,2.3450012158790576,virginica
6.323159770287096,3.368190610911622,5.502768345999096,2.3681916173798805,virginica
5.496261705977261,2.413325308138045,3.810731357035438,1.0117593564642577,versicolor
5.481547392785006,2.354857602093919,3.8062274844151056,1.1009833400067024,versicolor
7.787205312395507,3.0268957802562437,6.1692588757533375,2.2632890251920568,virginica
5.578760321217984,2.897943795898621,3.5315927918309837,1.3190967439041301,versicolor
6.7549404589878534,3.0259466458403637,5.509025922107225,2.0340220390599333,virginica
4.5978742359045475,3.4060964759803243,1.48582073534454,0.28712256289416793,setosa
6.707748297018345,3.071489990119535,4.575152542361475,1.5428346811553388,versicolor
6.949517699385769,3.1070005802694913,5.231952774055494,2.34031815780415,virginica
4.962268691207128,3.5375368828488267,1.6473130599118961,0.5852771497295225,setosa
5.672331412213155,2.8055669993457237,3.952577461388214,1.3266981587883275,versicolor
6.115344401083566,2.788691419451534,4.676672711192552,1.1711178050049962,versicolor
6.193324568460302,3.4409612111578585,5.522191374440805,2.3135262211105836,virginica
5.134952720560568,3.824497436744635,1.8267925750790641,0.3970450848170668,setosa
5.124564905175208,3.4243485343043987,1.5821785483992077,0.20305579576023522,setosa
4.825210080621219,2.9803996040296794,1.3414786349781647,0.12390892511825691,setosa
6.510539382453706,2.989417940584361,5.442691127846081,1.804801656861752,virginica
4.954073915088404,3.292790124817124,1.42995920794683,0.1932039213081219,setosa
5.04147607040926,3.421442639669901,1.2583792587129192,0.18296758186095444,setosa
5.306135095482354,3.7121766682386332,1.5994043418089683,0.1728160284230636,setosa
4.424286448240798,3.204245286952276,1.1490062488437192,0.2725208855484701,setosa
6.41736857409894,3.108454220673163,5.524316958361568,1.781127916989073,virginica
5.134250994984466,3.7661716769831854,1.4941925170521504,0.27848364918079516,setosa
5.517751576011786,2.623359428336903,4.369717626227438,1.2297892579809788,versicolor
5.802059428011887,2.580645819625231,3.977243202965802,1.1885722062727266,versicolor
7.217740609981833,3.6050870626085803,5.959671259569126,2.4369810098267455,virginica
5.617583340538924,2.9823248221171954,4.126646379086249,1.329798816118371,versicolor
5.64155769055533,3.0363012026125595,4.231015933425879,1.184002599475104,versicolor
4.361331777280766,3.1889337875813464,1.1949664929365704,0.23370927450032639,setosa
5.745275947613706,2.791314478971027,4.007954581543233,1.2837331681951571,versicolor
5.4913508188693125,2.997381771608142,4.484991911267209,1.5314705643083968,versicolor
5.548105108933401,2.61779035931094,4.510456561522987,1.1979882557792596,versicolor
6.241978681279225,3.3681038477919416,5.462905784222206,2.2705739427251865,virginica
6.75345686569103,3.0001199135122505,5.427279482243519,2.114350227769151,virginica
4.825132986468184,3.0538851302687857,1.6210734206444408,0.13448723885516575,setosa
5.199875804842302,2.7221026230848437,3.9369823056662177,1.405655902401029,versicolor
4.945342999982584,2.484158361375569,4.502750594574315,1.6993189309981214,virginica
5.483860762974669,2.601579762670071,4.403035464425815,1.1599940591351843,versicolor
6.933197001726988,3.0788322464107187,5.380747222706223,2.0887326767714596,virginica
5.012262090272079,3.419314671384507,1.440275220328126,0.24655140464449293,setosa
6.780202391121054,2.99894108495396,5.668836158425815,2.0894173183437523,virginica
6.001616595641001,2.2090061620823995,5.0061718181854244,1.5323523537989734,virginica
6.471616724586918,2.9786661079157266,5.743664156500173,2.2038047522375384,virginica
6.4294077283379725,3.228286212144826,4.4139105455605145,1.4719939547910736,versicolor
6.440534939301425,2.844017908936827,4.626878254279359,1.5183083147220173,versicolor
6.599951558586665,3.0110403514557085,4.3777014584760545,1.4410468151247138,versicolor
5.895717452437488,3.9794679472834744,1.1098304196112971,0.16650655149993998,setosa
5.4431569565674955,3.6970617954586675,1.5032253309207753,0.16884229803003079,setosa
6.536850067115377,3.191763836509521,5.077055782151754,2.0232302226790075,virginica
5.690271630977889,2.8002292674479445,4.170167066660804,1.362826943834577,versicolor
5.524241065866018,2.51741562387999,3.9823686705909185,1.2729918228884947,versicolor
6.8070899363289366,3.169157815536063,5.871057362863092,2.2968368123037513,virginica
6.278865356527694,2.8321236062368156,5.142331889750024,1.5523976594410447,virginica
5.10336972552865,3.7796948257124985,1.5010524355986261,0.3004981121800288,setosa
6.043396964977149,2.9883031979141963,4.871479679088125,1.8157775677759846,virginica
7.175931492775855,3.0101649596216404,5.783936810950721,1.4905009326716052,virginica
7.179931733258944,3.623392166819507,5.951629379030642,2.5043000750046143,virginica
5.668508108855541,2.500046591452405,4.884958354389867,2.062091946249534,virginica
5.696549753711435,3.8010108566896132,1.8194777698044486,0.32524071711383634,setosa
5.473200553783774,2.410729969907818,3.64493940329624,0.9192101511780476,versicolor
6.497795654901024,2.7679094105265007,4.7425900265192045,1.5067458692379434,versicolor
4.671074308075532,3.159038397699823,1.2030043498002618,0.23878089845293674,setosa
5.992403325598627,3.2157480697958194,4.79187991326764,1.7835172781245663,versicolor
4.885281118640354,3.3959079818297306,2.0866430236611206,0.25317396912643036,setosa
7.52792527197487,2.985562341478038,6.54097615605191,2.0969532194773475,virginica
6.524054205311112,2.876646006079349,4.3201999615020705,1.323524725300302,versicolor
6.299934913817301,3.3023886835874294,5.907825892596885,2.504063304162694,virginica
6.513563747367034,2.8123617934134924,4.724621711263423,1.535752804053811,versicolor
5.2029518327272255,2.674596612216615,3.8470669220610314,1.3916193063601048,versicolor
5.380195442115012,3.379713570394047,1.5951758984977782,0.1369942978359624,setosa
6.390272264022986,2.868138071235637,4.211732602609299,1.2849694777281395,versicolor
6.415722996216062,2.816047825475925,5.551528987351738,2.1833238957890417,virginica
6.722251369440955,2.984520789374928,4.930946415149431,1.7456560333028288,versicolor
5.624906159061299,2.720067712108974,4.025562452051233,1.3516597070015797,versicolor
5.716232667940315,2.8219134529067835,4.534155807444898,1.3018668752745246,versicolor
6.31520099112885,2.2932413940059964,4.476564915647171,1.2394639285233657,versicolor
6.777576968655887,2.8443311864140295,4.7447665422769845,1.3908922976437479,versicolor
6.313905121297234,3.3840379865989325,5.583625213823001,2.4323910807622773,virginica
5.371068884070472,3.0170968647595178,4.572537909712903,1.54025505378539,versicolor
6.834198842682263,3.1228619905980186,4.72866103572445,1.4665764437237754,versicolor
4.6959814312726245,3.230922363166313,1.4508168892213116,0.25641013663849516,setosa
4.848011515745847,2.4105615296461034,3.1904822147392995,0.9432410190400452,versicolor
5.809901960295507,2.7113428152022,3.9796968499738377,1.2189697430969708,versicolor
6.6592321273270985,2.9977241353347535,4.8670406184086845,1.6235553664653188,versicolor
5.330665057047739,3.683672477355208,1.5769727086779484,0.2422923679798631,setosa
5.624440831118538,2.885666310177715,3.4371546810424967,1.3047052448276497,versicolor
7.180504264482893,3.190458995425821,6.174266786676941,1.7417762926664164,virginica
6.558811691152659,3.019690849014405,4.4263279083529445,1.414475035744035,versicolor
5.360878445649281,3.6834022717975277,1.581802986478609,0.26757016513578835,setosa
5.662843814929185,2.9073480907620524,4.414154062194627,1.3039082534097666,versicolor
5.760525045007895,2.7839498699218983,4.09628712555488,1.3236413921119403,versicolor
7.668268974656715,2.98244989178199,6.187187459077733,2.345467240097816,virginica
5.862607743056034,2.7391086997815632,5.111876264118503,1.8881252476977737,virginica
6.32952342596014,3.2787006494336937,5.908811606248374,2.5187710908666063,virginica
6.492660242873818,2.9994270060987436,5.294619988488739,2.0289633675272634,virginica
6.220028018767298,3.3054935947709065,4.761286130721205,1.5417484802670107,versicolor
4.972885155103544,3.381778520741493,1.6019142348046869,0.462115712106461,setosa
4.766285802943302,3.411415611421026,1.9492977170472683,0.2147910385645778,setosa
6.216519076064027,3.40658505105909,5.548879159062608,2.342067958140273,virginica
5.832945483719755,2.719346400939962,4.127786735653379,1.0431729330885635,versicolor
6.207786886867759,2.90434608317352,4.310695964637715,1.2229877673273895,versicolor
5.8723322167146215,3.174278145296428,4.9265105572089665,1.819239569190795,versicolor
6.798764894615442,3.187755223996185,5.926128383144387,2.337831255216259,virginica
6.291738319845669,3.399895322262386,5.676581712822474,2.3261259971197243,virginica
5.897616421487818,2.990693085190686,4.188193393308886,1.4808588389430448,versicolor
5.679644527204412,2.7929774528991107,4.925735043058526,2.0761156078089096,virginica
6.177227536484477,2.839341645413238,4.800469601079421,1.8679936622682505,virginica
5.212715301633662,3.4985771454841577,1.4449464270290355,0.2028920567742726,setosa
5.4371537314383644,3.6997157479053016,1.4720672128663146,0.1904306307605637,setosa
5.0507257351136134,3.485536366620384,1.541016496589376,0.6144755917251992,setosa
4.863244878111279,3.1248447439280254,1.4895603197033676,0.1899233793437821,setosa
4.888924097089602,2.534783152368677,4.374496718292495,1.638227278103327,virginica
6.165695118517313,3.4062288121435493,5.454763624066118,2.3166921736002397,virginica
5.62421753916174,2.725488525139626,4.044458788770499,1.345344589700211,versicolor
4.887078221838463,3.1158585885762595,1.3832460576367482,0.10018913782829142,setosa
4.747851914326386,3.1656321306788344,1.602713021230028,0.1585895515146017,setosa
5.0209292076017835,3.016849833445199,1.713555472991809,0.17958432624091125,setosa
4.9563458254050525,2.964374873085377,1.4540216940537871,0.23657490796817146,setosa
6.689287872150922,3.2737507732218742,5.783188519559571,2.0542290976742157,virginica
4.7983387313408015,3.4155126614391014,1.8447179240304776,0.17387763021389183,setosa
6.504095427874822,2.821818259305249,4.801801174538611,1.4424774764738377,versicolor
4.855013857395693,3.1220875379703137,1.4172006417846368,0.07425674827124135,setosa
5.375602238070234,3.898348028681963,1.3285128219788502,0.41845709571540024,setosa
6.644938114520755,3.3157781967331337,5.6953279326209785,2.1443295192003644,virginica
6.670697274462814,3.0652631396490615,4.396998191302832,1.449451010740011,versicolor
4.3917330101262415,2.881131124211635,1.555071952365949,0.16071238600153107,setosa
5.669966279291421,2.812358179235197,3.9362599597454926,1.3486358778778695,versicolor
5.537231139589601,2.4120998180727913,3.6857855187832724,0.9594323320909748,versicolor
4.3942004135880035,2.9788571541495115,1.3428891178183497,0.2307851346935184,setosa
4.615392409531004,3.2200445307522663,1.3737855878974894,0.18174988323095553,setosa
5.519611582428031,2.4916213780447074,4.023747845128423,1.2595069890849822,versicolor
5.426308045978767,3.919223188631869,1.6130444064211635,0.4255893257300639,setosa
6.1779429816997,2.800357827525424,4.925004283057917,1.8308121278215457,virginica
5.779030232062447,2.7847400960917725,4.013025103130161,1.2724452316326826,versicolor
6.489462814906965,2.948954012391436,5.481700469174873,1.7792202498169254,virginica
5.81459132753006,2.6869770679672387,5.15204694812653,1.9275982986589963,virginica
6.868179663183687,3.089311374375131,5.203676187543714,2.0583825562508458,virginica
6.703070724934454,3.0795043724084628,5.554702741469274,2.353243786410731,virginica
6.807084681169999,3.0092293713237934,5.535497081851657,2.1004716765296543,virginica
5.154006683896632,3.7665899757661565,1.5453070548001617,0.1844579768926862,setosa
7.68330224058991,2.6016255714789702,7.025762715344911,2.330987997400241,virginica
6.228088122107796,3.4138815732085797,5.328887904543247,2.3323910573561513,virginica
6.293359877002734,3.2694326093722244,4.740158449128384,1.6082788373115215,versicolor
5.0984493184468525,3.684410431348541,1.553826335986769,0.3983420090770398,setosa
6.106891532485729,2.907742735339065,4.598141278266153,1.365875915286501,versicolor
5.223382196764682,3.4737196314763596,1.5116954351603518,0.2141561824453574,setosa
6.4249393991489105,3.1738972557688423,4.494251375517772,1.5637346222388386,versicolor
4.740878440576701,3.2073167552557806,1.511328488164837,0.227421190631785,setosa
5.093457398648664,3.5121520935757977,1.3441699042812894,0.19340121186702225,setosa
5.510196727281455,2.5107037680190127,3.9489028271085167,1.2487429020606184,versicolor
6.767271472839309,3.153966322361155,5.639471911957751,2.349479060548986,virginica
5.621079150704476,2.8290750050052003,4.7929975498622746,1.9952557036111598,virginica
5.808112235297541,2.8187438149101935,5.069687160636101,2.3403279010144042,virginica
6.346570271982223,2.2982094406010103,4.43575069460422,1.2818943460709946,versicolor
4.964982209836116,2.022252616806066,3.5341852793265276,1.0187115032013172,versicolor
6.456326039629684,3.1880322275201793,5.113933041283769,1.9784669145459264,virginica
7.732424441922053,3.7959372381931162,6.612437742348971,2.2025097180209565,virginica
6.738698927835647,3.1085231829584257,4.74068280547513,1.5122217019563782,versicolor
5.992206965279778,2.1844725732999453,4.025481614286658,0.9872886128294661,versicolor
4.755570784793665,3.213719772389752,1.633388739798269,0.19664365527069516,setosa
5.047785307744118,3.795313447684654,1.9089456144762038,0.4087556086612624,setosa
5.038146116477282,3.5849942965963906,1.3397383725134564,0.25536184299072046,setosa
6.831921186965269,2.7915281971222674,4.790541721212686,1.396080637413628,versicolor
7.719570642897532,3.054957921702663,6.116740517566765,2.325283444796407,virginica
6.630174288199013,3.2894875060775766,5.8084073141568435,2.515351565623269,virginica
5.240373918622147,2.6614818928618598,3.9594630150844154,1.4731933881054518,versicolor
7.517362826668006,3.0329398926456843,6.355455244106098,2.1357921985310786,virginica
6.402703421746648,3.0096721411987324,5.901528257674832,2.2138852137865888,virginica
6.72421379784772,3.0910749789783045,5.435786295319904,2.426400173022144,virginica
4.746768382209903,3.156903417429525,1.1663544686922775,0.1677195315357478,setosa
4.9340455493047335,3.200958024886953,1.2347075440096238,0.1454243421770346,setosa
5.1248876907718435,3.288116066087325,1.684779934251957,0.425599414430973,setosa
4.486243248138489,2.300160104138623,1.314887085141923,0.314457199259532,setosa
4.989055296907493,2.006204624951609,3.5884002855221033,0.9963559809771005,versicolor
5.613149478575827,2.8959638643144294,3.5429422680488623,1.3199520617212563,versicolor
5.115987758456763,3.500612568417609,1.3731865725208137,0.187478713641757,setosa
4.778962110863303,3.0643194987074502,1.6337793962301428,0.20883537234589392,setosa
6.677995927035985,3.3410913778927847,5.666499306971209,2.4666075338196567,virginica
5.858858158799795,2.9624090554808094,5.235209997476342,1.8523172403430426,virginica
4.56289896053104,3.2392677681539097,1.368970976466135,0.18973450235521913,setosa
5.259507278081887,3.4142849940563615,1.594183566221981,0.20949075323312866,setosa
7.174669254953775,3.5599576482231234,6.075421996477417,2.5436754350702673,virginica
4.624793714732607,3.400440271805985,1.312225867540831,0.3086570290349254,setosa
4.9178332013475305,3.1036147710528517,1.4296915821356702,0.13308995582236025,setosa
5.070328785177365,3.5082999860746673,1.72675642945154,0.14244343234810086,setosa
5.299672458851947,3.6899713361645583,1.5914299938141812,0.21802780332663532,setosa
5.0063057389892425,3.5172846423564077,1.601477764656743,0.721337387089936,setosa
6.308085324557988,2.462917539196914,4.852056257263805,1.5437816801326667,versicolor
7.64470767084205,2.753224774139201,6.702850903862187,2.052304919750348,virginica
4.986083330089255,3.1597085101230147,1.2398983204551672,0.22523296012817445,setosa
6.2262303834188515,2.9245963407905453,5.6675504410675055,1.843206953727706,virginica
5.127064625480573,3.5112890809742234,1.4766175149110028,0.13059977359706115,setosa
7.137851176346819,3.184043558068005,5.988547131908962,1.8148105431136676,virginica
4.946251874191699,3.024899051404532,1.323037295043208,0.20910359605491097,setosa
6.164896970655025,2.7959188577519556,4.828388763125678,1.6699302381737626,virginica
4.823451192017279,3.087085322426047,1.7700345276463305,0.18674270851208824,setosa
5.505486740735233,2.4894394677818505,4.145740406578974,1.295993989683418,versicolor
6.049840561319232,2.2126856570054336,3.995205358204627,1.042370339902112,versicolor
5.105101598936457,3.406881368248317,1.6103006941638889,0.4065107945844495,setosa
4.975191232582909,2.993966154467841,1.4643652133024663,0.15482592619359442,setosa
6.6785613678349485,2.998787301879035,5.156070337229293,1.7204524333276523,versicolor
5.969859200912055,2.229804160430073,5.099390715222544,1.5010741453182757,virginica
4.981677941157677,2.0243882239113025,3.412367666695723,1.0149591104675428,versicolor
4.589683549353659,3.2044520527815066,1.3315749398441141,0.21565886417508115,setosa
4.380540084996457,2.969775965038432,1.3618461140467675,0.24265436651111208,setosa
5.584381195800798,2.9791535358203416,4.086772528242861,1.278541126388962,versicolor
6.758139903893129,3.0410216820499043,5.541154472581694,2.121841473759481,virginica
7.93192344872715,3.7910438937250124,6.424044870674121,1.989734324804575,virginica
5.818153843801397,2.7074077612197884,5.066241321091347,1.8492765700336509,virginica
5.691542567808369,3.759017267351828,1.744786439572817,0.33683556011871263,setosa
6.1046823178287015,3.391518949397054,4.452474286462881,1.557666671177574,versicolor
5.508376641619724,2.482411326220374,3.9845675072066293,1.2244980021039364,versicolor
6.1383550603313495,2.8832918928560667,4.696942581294295,1.3455601795211338,versicolor
5.088424001804493,2.499755217649366,3.042322492325149,1.1549122804038272,versicolor
5.730336655665302,2.9208594536251296,4.327576781048029,1.321738934470784,versicolor
5.841780569445449,2.723262536121588,4.157217140409536,0.9444942662073708,versicolor
5.865160767458963,2.994041241201892,4.268778962440522,1.4991854625494727,versicolor
4.6544551451269465,3.1259976746785973,1.6063540194524897,0.16043034812907006,setosa
5.01998270546295,3.3868289431927208,1.3545176845547033,0.18903066588213438,setosa
6.319076242615776,2.5437455332470797,5.015635424367108,1.993403348248466,virginica
5.50734996569239,2.4004873664265,3.5871309001893397,1.0423768942293574,versicolor
6.07321008833088,3.02777671419954,5.00217958638376,1.8431968580521978,virginica
6.385004089501759,3.198894857739344,4.494719583924075,1.529859357757817,versicolor
4.915242484624577,2.442815077008541,3.3791514075922358,0.9910405160118366,versicolor
5.134311392264215,3.336984300018586,1.8762910943586548,0.5452894439431272,setosa
5.39102818280775,3.9124890229846723,1.447679739096776,0.4165517782518052,setosa
4.818819122359047,3.4011142908624055,1.5710731156786821,0.1938132654827164,setosa
6.371135020568254,3.2948030734636955,6.004641491053706,2.4669788871416416,virginica
5.0296708956201535,3.4296292158674686,1.6433148585787283,0.2077599910751209,setosa
5.093642508963545,3.5114472947904254,1.427698326311152,0.30222325464947947,setosa
6.005703458328929,2.2097975465628648,4.97404957186899,1.4907467984148828,virginica
6.812225598379077,2.973889667116151,5.088888164432851,2.2634769269004438,virginica
4.395723518104703,2.9194202666907425,1.452160938215341,0.20656437049705106,setosa
4.871345344802684,3.094707487744705,1.4982272384258013,0.03954941419059829,setosa
6.151917917769709,2.8756847668006564,4.367410407646055,1.3093622632266249,versicolor
7.8238322007889565,3.7678366962200793,6.45850954328081,1.8939714207662264,virginica
7.750703704517784,3.7604710029379693,6.774400747418744,2.1660933549353256,virginica
6.232828469295837,2.9507181555431865,4.961346881962675,1.7310040601188998,virginica
5.917669644448097,2.9955172383067925,5.111449528995025,1.7652118412579432,virginica
5.340033196659274,3.42691834269841,1.4638955201072634,0.34647607711281014,setosa
5.266035657983652,4.098540030441495,1.6682935930041682,0.14660455247638193,setosa
6.296481141231035,2.5026240681048564,5.134652026654728,1.916694817132025,virginica
5.80729909740712,2.6956666674038376,4.095539806678291,1.0497806731861659,versicolor
6.283645806949715,3.287761645213336,4.651146272735674,1.5464987689862113,versicolor
5.668931981195195,2.932485325377586,4.181773602295384,1.3268789665719,versicolor
6.723529967255071,3.0965019192631327,4.657526869631485,1.5069050767661831,versicolor
5.779471195096112,2.653954995834581,4.181361654983134,1.0092730731182409,versicolor
6.259996731001956,2.8681339071251504,5.619752043211463,1.8615657399948051,virginica
5.5084117638864925,2.4700221216814064,4.019860027502969,1.2979645372683635,versicolor
5.025120759646752,3.4352682167236472,1.348101823965668,0.26170919547806704,setosa
5.041135729301686,3.7959139500709496,1.936256290839149,0.3373927878939633,setosa
6.031604752190529,2.201018430574245,3.9234573574997142,0.9626288577958705,versicolor
4.942476982388286,3.067237121996696,1.5939086708752677,0.09369632435948304,setosa
5.92927952137659,2.696819225189701,5.15413114069187,1.54900521430692,versicolor
6.020645173593306,3.4019297603418375,4.4432072224747685,1.6326126473299227,versicolor
4.614353729262833,3.1351088936080242,1.6270332539099686,0.21487425929830758,setosa
5.887509418391199,2.986215981416571,5.0732755771751314,1.8207506171331662,virginica
6.731359850412559,3.1462463132914316,4.3945405978144265,1.3487005332393778,versicolor
5.54432312123996,2.7168357202810984,4.194729131091404,1.3334581458493229,versicolor
6.3343905612409275,2.296568118944943,4.33537774435443,1.2846986851748132,versicolor
4.550437991746282,3.243128749392748,1.3914970980022685,0.22459339249776733,setosa
